Workbook

Sheet README
A1: LiDAR from the Ground Up — Worked Example Calculator
A2: Companion workbook to the 6-hour Mobile LiDAR Survey Seminar, D.S. Banks, PSM
A4: Every numbered worked example in the seminar book is rebuilt here with live Excel formulas, one sheet per module.
A5: How to use: change any blue input on a yellow cell and every result below it recalculates. Try your own sensor, range or speed.
A6: Columns: Value (the formula result) · Unit · Equation as printed in the book · Book value · Check (OK when the formula matches the book within the tolerance in column H) · US feet (lengths converted) · Notes.
A7: Colors: blue text = input you may edit; black = formula; green = formula that pulls from another example or sheet.
A8: Changing an input will (correctly) turn some Checks to CHECK, because the book values were computed for the original inputs.
A9: Example 14.5 uses the 'MC 20 m' sheet (2,000 random draws; press F9 to redraw). The 'Dataset' sheet holds the Module 21 sample project.
A10: Angles are entered in degrees and converted with RADIANS(). Excel's ATAN2 takes (x, y) — the reverse of most textbooks.
C12: Overall status
C13: Values that match the book (OK) | D13: =COUNTIF('M02 Math'!F:F,"OK")+COUNTIF('M03 Time of Flight'!F:F,"OK")+COUNTIF('M04 Beam'!F:F,"OK")+COUNTIF('M05 Polar'!F:F,"OK")+COUNTIF('M06 Rotation'!F:F,"OK")+COUNTIF('M07 IMU'!F:F,"OK")+COUNTIF('M08 Timing'!F:F,"OK")+COUNTIF('M09 Calibration'!F:F,"OK")+COUNTIF('M10 SLAM'!F:F,"OK")+COUNTIF('M11 Scan Matching'!F:F,"OK")+COUNTIF('M12 Factor Graphs'!F:F,"OK")+COUNTIF('M13 Accuracy'!F:F,"OK")+COUNTIF('M14 Error Budgets'!F:F,"OK")+COUNTIF('M15 Ouster OS0'!F:F,"OK")+COUNTIF('M16 GX5-GQ7'!F:F,"OK")+COUNTIF('M17 RIEGL'!F:F,"OK")+COUNTIF('M18 Processing'!F:F,"OK")+COUNTIF('M19 Florida'!F:F,"OK")+COUNTIF('M20 Practice'!F:F,"OK")+COUNTIF('M21 Capstone'!F:F,"OK")+COUNTIF(Dataset!F:F,"OK") -> 501
C14: Values that differ (CHECK) | D14: =COUNTIF('M02 Math'!F:F,"CHECK")+COUNTIF('M03 Time of Flight'!F:F,"CHECK")+COUNTIF('M04 Beam'!F:F,"CHECK")+COUNTIF('M05 Polar'!F:F,"CHECK")+COUNTIF('M06 Rotation'!F:F,"CHECK")+COUNTIF('M07 IMU'!F:F,"CHECK")+COUNTIF('M08 Timing'!F:F,"CHECK")+COUNTIF('M09 Calibration'!F:F,"CHECK")+COUNTIF('M10 SLAM'!F:F,"CHECK")+COUNTIF('M11 Scan Matching'!F:F,"CHECK")+COUNTIF('M12 Factor Graphs'!F:F,"CHECK")+COUNTIF('M13 Accuracy'!F:F,"CHECK")+COUNTIF('M14 Error Budgets'!F:F,"CHECK")+COUNTIF('M15 Ouster OS0'!F:F,"CHECK")+COUNTIF('M16 GX5-GQ7'!F:F,"CHECK")+COUNTIF('M17 RIEGL'!F:F,"CHECK")+COUNTIF('M18 Processing'!F:F,"CHECK")+COUNTIF('M19 Florida'!F:F,"CHECK")+COUNTIF('M20 Practice'!F:F,"CHECK")+COUNTIF('M21 Capstone'!F:F,"CHECK")+COUNTIF(Dataset!F:F,"CHECK") -> 0
C15: Worked examples in this workbook | D15: 86
A17: Example | B17: Sheet | C17: Title (click to go there) | D17: Values checked | E17: Status
A18: 2.1 | B18: M02 Math | C18: multiplying with powers of ten | D18: 1 | E18: =IF(COUNTIF('M02 Math'!F6:F10,"CHECK")>0,"CHECK",IF(COUNTIF('M02 Math'!F6:F10,"OK")>0,"OK","no book values")) -> OK
A19: 2.2 | B19: M02 Math | C19: a tiny angle at a long range | D19: 3 | E19: =IF(COUNTIF('M02 Math'!F12:F18,"CHECK")>0,"CHECK",IF(COUNTIF('M02 Math'!F12:F18,"OK")>0,"OK","no book values")) -> OK
A20: 2.3 | B20: M02 Math | C20: a 3-4-5 triangle | D20: 3 | E20: =IF(COUNTIF('M02 Math'!F20:F26,"CHECK")>0,"CHECK",IF(COUNTIF('M02 Math'!F20:F26,"OK")>0,"OK","no book values")) -> OK
A21: 2.4 | B21: M02 Math | C21: dot and cross products | D21: 7 | E21: =IF(COUNTIF('M02 Math'!F28:F42,"CHECK")>0,"CHECK",IF(COUNTIF('M02 Math'!F28:F42,"OK")>0,"OK","no book values")) -> OK
A22: 2.5 | B22: M02 Math | C22: matrix times vector | D22: 3 | E22: =IF(COUNTIF('M02 Math'!F44:F60,"CHECK")>0,"CHECK",IF(COUNTIF('M02 Math'!F44:F60,"OK")>0,"OK","no book values")) -> OK
A23: 2.6 | B23: M02 Math | C23: five elevation errors | D23: 5 | E23: =IF(COUNTIF('M02 Math'!F62:F73,"CHECK")>0,"CHECK",IF(COUNTIF('M02 Math'!F62:F73,"OK")>0,"OK","no book values")) -> OK
A24: 3.1 | B24: M03 Time of Flight | C24: range from a 400 ns echo | D24: 4 | E24: =IF(COUNTIF('M03 Time of Flight'!F6:F14,"CHECK")>0,"CHECK",IF(COUNTIF('M03 Time of Flight'!F6:F14,"OK")>0,"OK","no book values")) -> OK
A25: 3.2 | B25: M03 Time of Flight | C25: how fast can we fire? | D25: 3 | E25: =IF(COUNTIF('M03 Time of Flight'!F16:F22,"CHECK")>0,"CHECK",IF(COUNTIF('M03 Time of Flight'!F16:F22,"OK")>0,"OK","no book values")) -> OK
A26: 3.3 | B26: M03 Time of Flight | C26: phase measurement | D26: 6 | E26: =IF(COUNTIF('M03 Time of Flight'!F24:F35,"CHECK")>0,"CHECK",IF(COUNTIF('M03 Time of Flight'!F24:F35,"OK")>0,"OK","no book values")) -> OK
A27: 4.1 | B27: M04 Beam | C27: spot size at 50 m and 100 m | D27: 2 | E27: =IF(COUNTIF('M04 Beam'!F6:F13,"CHECK")>0,"CHECK",IF(COUNTIF('M04 Beam'!F6:F13,"OK")>0,"OK","no book values")) -> OK
A28: 4.2 | B28: M04 Beam | C28: comparing two targets | D28: 2 | E28: =IF(COUNTIF('M04 Beam'!F15:F24,"CHECK")>0,"CHECK",IF(COUNTIF('M04 Beam'!F15:F24,"OK")>0,"OK","no book values")) -> OK
A29: 4.3 | B29: M04 Beam | C29: how far can I see dark asphalt? | D29: 3 | E29: =IF(COUNTIF('M04 Beam'!F26:F35,"CHECK")>0,"CHECK",IF(COUNTIF('M04 Beam'!F26:F35,"OK")>0,"OK","no book values")) -> OK
A30: 5.1 | B30: M05 Polar | C30: one laser return to sensor coordinates | D30: 5 | E30: =IF(COUNTIF('M05 Polar'!F6:F15,"CHECK")>0,"CHECK",IF(COUNTIF('M05 Polar'!F6:F15,"OK")>0,"OK","no book values")) -> OK
A31: 5.2 | B31: M05 Polar | C31: planning a corridor survey | D31: 5 | E31: =IF(COUNTIF('M05 Polar'!F17:F29,"CHECK")>0,"CHECK",IF(COUNTIF('M05 Polar'!F17:F29,"OK")>0,"OK","no book values")) -> OK
A32: 6.1 | B32: M06 Rotation | C32: checking a frame with the cross product | D32: 3 | E32: =IF(COUNTIF('M06 Rotation'!F6:F17,"CHECK")>0,"CHECK",IF(COUNTIF('M06 Rotation'!F6:F17,"OK")>0,"OK","no book values")) -> OK
A33: 6.2 | B33: M06 Rotation | C33: rotate (3, 4) by 30° | D33: 3 | E33: =IF(COUNTIF('M06 Rotation'!F19:F25,"CHECK")>0,"CHECK",IF(COUNTIF('M06 Rotation'!F19:F25,"OK")>0,"OK","no book values")) -> OK
A34: 6.3 | B34: M06 Rotation | C34: one gyro step | D34: 5 | E34: =IF(COUNTIF('M06 Rotation'!F27:F36,"CHECK")>0,"CHECK",IF(COUNTIF('M06 Rotation'!F27:F36,"OK")>0,"OK","no book values")) -> OK
A35: 6.4 | B35: M06 Rotation | C35: 0.05° heading error at 80 m | D35: 4 | E35: =IF(COUNTIF('M06 Rotation'!F38:F44,"CHECK")>0,"CHECK",IF(COUNTIF('M06 Rotation'!F38:F44,"OK")>0,"OK","no book values")) -> OK
A36: 7.1 | B36: M07 IMU | C36: one strapdown step along a road | D36: 4 | E36: =IF(COUNTIF('M07 IMU'!F6:F17,"CHECK")>0,"CHECK",IF(COUNTIF('M07 IMU'!F6:F17,"OK")>0,"OK","no book values")) -> OK
A37: 7.2 | B37: M07 IMU | C37: tactical IMU coasting through a tunnel | D37: 7 | E37: =IF(COUNTIF('M07 IMU'!F19:F33,"CHECK")>0,"CHECK",IF(COUNTIF('M07 IMU'!F19:F33,"OK")>0,"OK","no book values")) -> OK
A38: 7.3 | B38: M07 IMU | C38: 0.1° tilt error | D38: 3 | E38: =IF(COUNTIF('M07 IMU'!F35:F41,"CHECK")>0,"CHECK",IF(COUNTIF('M07 IMU'!F35:F41,"OK")>0,"OK","no book values")) -> OK
A39: 7.4 | B39: M07 IMU | C39: preintegration in one dimension | D39: 6 | E39: =IF(COUNTIF('M07 IMU'!F43:F54,"CHECK")>0,"CHECK",IF(COUNTIF('M07 IMU'!F43:F54,"OK")>0,"OK","no book values")) -> OK
A40: 8.1 | B40: M08 Timing | C40: a 1 ms clock offset | D40: 3 | E40: =IF(COUNTIF('M08 Timing'!F6:F14,"CHECK")>0,"CHECK",IF(COUNTIF('M08 Timing'!F6:F14,"OK")>0,"OK","no book values")) -> OK
A41: 8.2 | B41: M08 Timing | C41: how big is the skew? | D41: 3 | E41: =IF(COUNTIF('M08 Timing'!F16:F23,"CHECK")>0,"CHECK",IF(COUNTIF('M08 Timing'!F16:F23,"OK")>0,"OK","no book values")) -> OK
A42: 9.1 | B42: M09 Calibration | C42: boresight residual at mapping range | D42: 2 | E42: =IF(COUNTIF('M09 Calibration'!F6:F11,"CHECK")>0,"CHECK",IF(COUNTIF('M09 Calibration'!F6:F11,"OK")>0,"OK","no book values")) -> OK
A43: 9.2 | B43: M09 Calibration | C43: direct georeferencing, every step | D43: 24 | E43: =IF(COUNTIF('M09 Calibration'!F13:F62,"CHECK")>0,"CHECK",IF(COUNTIF('M09 Calibration'!F13:F62,"OK")>0,"OK","no book values")) -> OK
A44: 10.1 | B44: M10 SLAM | C44: predicting the next pose | D44: 7 | E44: =IF(COUNTIF('M10 SLAM'!F6:F20,"CHECK")>0,"CHECK",IF(COUNTIF('M10 SLAM'!F6:F20,"OK")>0,"OK","no book values")) -> OK
A45: 10.2 | B45: M10 SLAM | C45: 1-D Kalman update | D45: 6 | E45: =IF(COUNTIF('M10 SLAM'!F22:F33,"CHECK")>0,"CHECK",IF(COUNTIF('M10 SLAM'!F22:F33,"OK")>0,"OK","no book values")) -> OK
A46: 10.3 | B46: M10 SLAM | C46: EKF prediction for our motion | D46: 17 | E46: =IF(COUNTIF('M10 SLAM'!F35:F59,"CHECK")>0,"CHECK",IF(COUNTIF('M10 SLAM'!F35:F59,"OK")>0,"OK","no book values")) -> OK
A47: 10.4 | B47: M10 SLAM | C47: EKF correction with a pole at (25, 8) | D47: 28 | E47: =IF(COUNTIF('M10 SLAM'!F61:F109,"CHECK")>0,"CHECK",IF(COUNTIF('M10 SLAM'!F61:F109,"OK")>0,"OK","no book values")) -> OK
A48: 11.1 | B48: M11 Scan Matching | C48: best fit of four matched points (with continuation) | D48: 13 | E48: =IF(COUNTIF('M11 Scan Matching'!F6:F36,"CHECK")>0,"CHECK",IF(COUNTIF('M11 Scan Matching'!F6:F36,"OK")>0,"OK","no book values")) -> OK
A49: 11.2 | B49: M11 Scan Matching | C49: edge or plane? | D49: 2 | E49: =IF(COUNTIF('M11 Scan Matching'!F38:F52,"CHECK")>0,"CHECK",IF(COUNTIF('M11 Scan Matching'!F38:F52,"OK")>0,"OK","no book values")) -> OK
A50: 11.3 | B50: M11 Scan Matching | C50: edge and plane distances | D50: 8 | E50: =IF(COUNTIF('M11 Scan Matching'!F54:F84,"CHECK")>0,"CHECK",IF(COUNTIF('M11 Scan Matching'!F54:F84,"OK")>0,"OK","no book values")) -> OK
A51: 12.1 | B51: M12 Factor Graphs | C51: 1-D pose graph with a GPS misclosure | D51: 11 | E51: =IF(COUNTIF('M12 Factor Graphs'!F6:F22,"CHECK")>0,"CHECK",IF(COUNTIF('M12 Factor Graphs'!F6:F22,"OK")>0,"OK","no book values")) -> OK
A52: 12.2 | B52: M12 Factor Graphs | C52: giving a camera image its pose | D52: 4 | E52: =IF(COUNTIF('M12 Factor Graphs'!F24:F38,"CHECK")>0,"CHECK",IF(COUNTIF('M12 Factor Graphs'!F24:F38,"OK")>0,"OK","no book values")) -> OK
A53: 12.3 | B53: M12 Factor Graphs | C53: why the camera needs calibration and timing too | D53: 2 | E53: =IF(COUNTIF('M12 Factor Graphs'!F40:F47,"CHECK")>0,"CHECK",IF(COUNTIF('M12 Factor Graphs'!F40:F47,"OK")>0,"OK","no book values")) -> OK
A54: 13.1 | B54: M13 Accuracy | C54: vertical accuracy from ten checkpoints | D54: 6 | E54: =IF(COUNTIF('M13 Accuracy'!F6:F24,"CHECK")>0,"CHECK",IF(COUNTIF('M13 Accuracy'!F6:F24,"OK")>0,"OK","no book values")) -> OK
A55: 13.2 | B55: M13 Accuracy | C55: horizontal accuracy | D55: 1 | E55: =IF(COUNTIF('M13 Accuracy'!F26:F30,"CHECK")>0,"CHECK",IF(COUNTIF('M13 Accuracy'!F26:F30,"OK")>0,"OK","no book values")) -> OK
A56: 14.1 | B56: M14 Error Budgets | C56: height of a ground point seen by a scanner | D56: 9 | E56: =IF(COUNTIF('M14 Error Budgets'!F6:F20,"CHECK")>0,"CHECK",IF(COUNTIF('M14 Error Budgets'!F6:F20,"OK")>0,"OK","no book values")) -> OK
A57: 14.2 | B57: M14 Error Budgets | C57: curb height from one sensor — correlation helps | D57: 4 | E57: =IF(COUNTIF('M14 Error Budgets'!F22:F32,"CHECK")>0,"CHECK",IF(COUNTIF('M14 Error Budgets'!F22:F32,"OK")>0,"OK","no book values")) -> OK
A58: 14.3 | B58: M14 Error Budgets | C58: the error ellipsoid of one laser point | D58: 25 | E58: =IF(COUNTIF('M14 Error Budgets'!F34:F68,"CHECK")>0,"CHECK",IF(COUNTIF('M14 Error Budgets'!F34:F68,"OK")>0,"OK","no book values")) -> OK
A59: 14.4 | B59: M14 Error Budgets | C59: full error budget of a backpack point at 20 m | D59: 11 | E59: =IF(COUNTIF('M14 Error Budgets'!F70:F93,"CHECK")>0,"CHECK",IF(COUNTIF('M14 Error Budgets'!F70:F93,"OK")>0,"OK","no book values")) -> OK
A60: 14.5 | B60: M14 Error Budgets | C60: Monte Carlo check of the 20 m budget | D60: 3 | E60: =IF(COUNTIF('M14 Error Budgets'!F95:F99,"CHECK")>0,"CHECK",IF(COUNTIF('M14 Error Budgets'!F95:F99,"OK")>0,"OK","no book values")) -> OK
A61: 14.6 | B61: M14 Error Budgets | C61: fitting a plane to a target | D61: 2 | E61: =IF(COUNTIF('M14 Error Budgets'!F101:F107,"CHECK")>0,"CHECK",IF(COUNTIF('M14 Error Budgets'!F101:F107,"OK")>0,"OK","no book values")) -> OK
A62: 14.7 | B62: M14 Error Budgets | C62: stockpile volume error | D62: 3 | E62: =IF(COUNTIF('M14 Error Budgets'!F109:F119,"CHECK")>0,"CHECK",IF(COUNTIF('M14 Error Budgets'!F109:F119,"OK")>0,"OK","no book values")) -> OK
A63: 14.8 | B63: M14 Error Budgets | C63: RSS budget for a 5 cm (0.16 ft, 1σ) job | D63: 6 | E63: =IF(COUNTIF('M14 Error Budgets'!F121:F136,"CHECK")>0,"CHECK",IF(COUNTIF('M14 Error Budgets'!F121:F136,"OK")>0,"OK","no book values")) -> OK
A64: 14.9 | B64: M14 Error Budgets | C64: what accuracy can an OS0 backpack deliver? | D64: 8 | E64: =IF(COUNTIF('M14 Error Budgets'!F138:F155,"CHECK")>0,"CHECK",IF(COUNTIF('M14 Error Budgets'!F138:F155,"OK")>0,"OK","no book values")) -> OK
A65: 14.10 | B65: M14 Error Budgets | C65: georeferencing an OS0 point with the GX5-45 alone | D65: 3 | E65: =IF(COUNTIF('M14 Error Budgets'!F157:F167,"CHECK")>0,"CHECK",IF(COUNTIF('M14 Error Budgets'!F157:F167,"OK")>0,"OK","no book values")) -> OK
A66: 14.11 | B66: M14 Error Budgets | C66: the same point with the GQ7 and RTK | D66: 3 | E66: =IF(COUNTIF('M14 Error Budgets'!F169:F178,"CHECK")>0,"CHECK",IF(COUNTIF('M14 Error Budgets'!F169:F178,"OK")>0,"OK","no book values")) -> OK
A67: 14.12 | B67: M14 Error Budgets | C67: RiLOC-F, Case A — nadir return from 500 ft AGL | D67: 9 | E67: =IF(COUNTIF('M14 Error Budgets'!F180:F198,"CHECK")>0,"CHECK",IF(COUNTIF('M14 Error Budgets'!F180:F198,"OK")>0,"OK","no book values")) -> OK
A68: 14.13 | B68: M14 Error Budgets | C68: RiLOC-F, Case B — 500 ft slant return at the 37.5° edge | D68: 8 | E68: =IF(COUNTIF('M14 Error Budgets'!F200:F210,"CHECK")>0,"CHECK",IF(COUNTIF('M14 Error Budgets'!F200:F210,"OK")>0,"OK","no book values")) -> OK
A69: 14.14 | B69: M14 Error Budgets | C69: what ground control and strip adjustment buy you | D69: 6 | E69: =IF(COUNTIF('M14 Error Budgets'!F212:F223,"CHECK")>0,"CHECK",IF(COUNTIF('M14 Error Budgets'!F212:F223,"OK")>0,"OK","no book values")) -> OK
A70: 14.15 | B70: M14 Error Budgets | C70: capstone vertical error budget, 3 cm (0.10 ft) specification | D70: 4 | E70: =IF(COUNTIF('M14 Error Budgets'!F225:F239,"CHECK")>0,"CHECK",IF(COUNTIF('M14 Error Budgets'!F225:F239,"OK")>0,"OK","no book values")) -> OK
A71: 15.1 | B71: M15 Ouster OS0 | C71: spacing on a building face | D71: 6 | E71: =IF(COUNTIF('M15 Ouster OS0'!F6:F17,"CHECK")>0,"CHECK",IF(COUNTIF('M15 Ouster OS0'!F6:F17,"OK")>0,"OK","no book values")) -> OK
A72: 15.2 | B72: M15 Ouster OS0 | C72: does 4096 mode make the map sharper? | D72: 5 | E72: =IF(COUNTIF('M15 Ouster OS0'!F19:F28,"CHECK")>0,"CHECK",IF(COUNTIF('M15 Ouster OS0'!F19:F28,"OK")>0,"OK","no book values")) -> OK
A73: 15.3 | B73: M15 Ouster OS0 | C73: does the data profile matter? | D73: 4 | E73: =IF(COUNTIF('M15 Ouster OS0'!F30:F38,"CHECK")>0,"CHECK",IF(COUNTIF('M15 Ouster OS0'!F30:F38,"OK")>0,"OK","no book values")) -> OK
A74: 15.4 | B74: M15 Ouster OS0 | C74: total range error on dark asphalt | D74: 4 | E74: =IF(COUNTIF('M15 Ouster OS0'!F40:F51,"CHECK")>0,"CHECK",IF(COUNTIF('M15 Ouster OS0'!F40:F51,"OK")>0,"OK","no book values")) -> OK
A75: 15.5 | B75: M15 Ouster OS0 | C75: the ±0.01° encoder spec | D75: 4 | E75: =IF(COUNTIF('M15 Ouster OS0'!F53:F58,"CHECK")>0,"CHECK",IF(COUNTIF('M15 Ouster OS0'!F53:F58,"OK")>0,"OK","no book values")) -> OK
A76: 15.6 | B76: M15 Ouster OS0 | C76: why the OS0 must be synchronized | D76: 6 | E76: =IF(COUNTIF('M15 Ouster OS0'!F60:F74,"CHECK")>0,"CHECK",IF(COUNTIF('M15 Ouster OS0'!F60:F74,"OK")>0,"OK","no book values")) -> OK
A77: 15.7 | B77: M15 Ouster OS0 | C77: scan skew inside one rotation | D77: 5 | E77: =IF(COUNTIF('M15 Ouster OS0'!F76:F87,"CHECK")>0,"CHECK",IF(COUNTIF('M15 Ouster OS0'!F76:F87,"OK")>0,"OK","no book values")) -> OK
A78: 15.8 | B78: M15 Ouster OS0 | C78: interior as-built of a mechanical room | D78: 10 | E78: =IF(COUNTIF('M15 Ouster OS0'!F89:F110,"CHECK")>0,"CHECK",IF(COUNTIF('M15 Ouster OS0'!F89:F110,"OK")>0,"OK","no book values")) -> OK
A79: 16.1 | B79: M16 GX5-GQ7 | C79: the GX5's random walks | D79: 4 | E79: =IF(COUNTIF('M16 GX5-GQ7'!F6:F15,"CHECK")>0,"CHECK",IF(COUNTIF('M16 GX5-GQ7'!F6:F15,"OK")>0,"OK","no book values")) -> OK
A80: 16.2 | B80: M16 GX5-GQ7 | C80: Block Loop Run 1 — a traverse that closes perfectly and is still wrong | D80: 10 | E80: =IF(COUNTIF('M16 GX5-GQ7'!F17:F50,"CHECK")>0,"CHECK",IF(COUNTIF('M16 GX5-GQ7'!F17:F50,"OK")>0,"OK","no book values")) -> OK
A81: 16.3 | B81: M16 GX5-GQ7 | C81: a local magnetic disturbance (Run 2) and the compass rule | D81: 19 | E81: =IF(COUNTIF('M16 GX5-GQ7'!F52:F84,"CHECK")>0,"CHECK",IF(COUNTIF('M16 GX5-GQ7'!F52:F84,"OK")>0,"OK","no book values")) -> OK
A82: 16.4 | B82: M16 GX5-GQ7 | C82: what does a typical lap look like? (hand check) | D82: 4 | E82: =IF(COUNTIF('M16 GX5-GQ7'!F86:F92,"CHECK")>0,"CHECK",IF(COUNTIF('M16 GX5-GQ7'!F86:F92,"OK")>0,"OK","no book values")) -> OK
A83: 16.5 | B83: M16 GX5-GQ7 | C83: could the IMU alone drive the loop? | D83: 8 | E83: =IF(COUNTIF('M16 GX5-GQ7'!F94:F111,"CHECK")>0,"CHECK",IF(COUNTIF('M16 GX5-GQ7'!F94:F111,"OK")>0,"OK","no book values")) -> OK
A84: 16.6 | B84: M16 GX5-GQ7 | C84: GX5-45 EKF: bounded, but meter-level | D84: 6 | E84: =IF(COUNTIF('M16 GX5-GQ7'!F113:F128,"CHECK")>0,"CHECK",IF(COUNTIF('M16 GX5-GQ7'!F113:F128,"OK")>0,"OK","no book values")) -> OK
A85: 16.7 | B85: M16 GX5-GQ7 | C85: dual-antenna heading on a backpack versus a truck | D85: 3 | E85: =IF(COUNTIF('M16 GX5-GQ7'!F130:F138,"CHECK")>0,"CHECK",IF(COUNTIF('M16 GX5-GQ7'!F130:F138,"OK")>0,"OK","no book values")) -> OK
A86: 16.8 | B86: M16 GX5-GQ7 | C86: single baseline versus VRS | D86: 2 | E86: =IF(COUNTIF('M16 GX5-GQ7'!F140:F147,"CHECK")>0,"CHECK",IF(COUNTIF('M16 GX5-GQ7'!F140:F147,"OK")>0,"OK","no book values")) -> OK
A87: 16.9 | B87: M16 GX5-GQ7 | C87: RTK traverse: centimeters instead of meters | D87: 4 | E87: =IF(COUNTIF('M16 GX5-GQ7'!F149:F158,"CHECK")>0,"CHECK",IF(COUNTIF('M16 GX5-GQ7'!F149:F158,"OK")>0,"OK","no book values")) -> OK
A88: 16.10 | B88: M16 GX5-GQ7 | C88: 20 s and 60 s outages | D88: 5 | E88: =IF(COUNTIF('M16 GX5-GQ7'!F160:F176,"CHECK")>0,"CHECK",IF(COUNTIF('M16 GX5-GQ7'!F160:F176,"OK")>0,"OK","no book values")) -> OK
A89: 17.1 | B89: M17 RIEGL | C89: multiple-time-around (MTA) at 2400 kHz | D89: 4 | E89: =IF(COUNTIF('M17 RIEGL'!F6:F14,"CHECK")>0,"CHECK",IF(COUNTIF('M17 RIEGL'!F6:F14,"OK")>0,"OK","no book values")) -> OK
A90: 17.2 | B90: M17 RIEGL | C90: atmospheric correction | D90: 2 | E90: =IF(COUNTIF('M17 RIEGL'!F16:F20,"CHECK")>0,"CHECK",IF(COUNTIF('M17 RIEGL'!F16:F20,"OK")>0,"OK","no book values")) -> OK
A91: 17.3 | B91: M17 RIEGL | C91: point density at 500 ft | D91: 6 | E91: =IF(COUNTIF('M17 RIEGL'!F22:F33,"CHECK")>0,"CHECK",IF(COUNTIF('M17 RIEGL'!F22:F33,"OK")>0,"OK","no book values")) -> OK
A92: 18.1 | B92: M18 Processing | C92: statistical outlier removal (SOR) on eight points | D92: 4 | E92: =IF(COUNTIF('M18 Processing'!F6:F20,"CHECK")>0,"CHECK",IF(COUNTIF('M18 Processing'!F6:F20,"OK")>0,"OK","no book values")) -> OK
A93: 18.2 | B93: M18 Processing | C93: stockpile volume | D93: 4 | E93: =IF(COUNTIF('M18 Processing'!F22:F37,"CHECK")>0,"CHECK",IF(COUNTIF('M18 Processing'!F22:F37,"OK")>0,"OK","no book values")) -> OK
A94: 19.1 | B94: M19 Florida | C94: sealing a 40-tile LAZ delivery with a signature file | D94: 2 | E94: =IF(COUNTIF('M19 Florida'!F6:F12,"CHECK")>0,"CHECK",IF(COUNTIF('M19 Florida'!F6:F12,"OK")>0,"OK","no book values")) -> OK
A95: 19.2 | B95: M19 Florida | C95: why the foot matters | D95: 5 | E95: =IF(COUNTIF('M19 Florida'!F14:F21,"CHECK")>0,"CHECK",IF(COUNTIF('M19 Florida'!F14:F21,"OK")>0,"OK","no book values")) -> OK
A96: 20.1 | B96: M20 Practice | C96: can the RIEGL case study be flown by drone? | D96: 7 | E96: =IF(COUNTIF('M20 Practice'!F6:F22,"CHECK")>0,"CHECK",IF(COUNTIF('M20 Practice'!F6:F22,"OK")>0,"OK","no book values")) -> OK
A97: 21.1 | B97: M21 Capstone | C97: drive speed from point spacing | D97: 3 | E97: =IF(COUNTIF('M21 Capstone'!F6:F14,"CHECK")>0,"CHECK",IF(COUNTIF('M21 Capstone'!F6:F14,"OK")>0,"OK","no book values")) -> OK
A98: 21.2 | B98: M21 Capstone | C98: the underpass: how bad is an unaided IMU? | D98: 3 | E98: =IF(COUNTIF('M21 Capstone'!F16:F24,"CHECK")>0,"CHECK",IF(COUNTIF('M21 Capstone'!F16:F24,"OK")>0,"OK","no book values")) -> OK
A99: 21.3 | B99: M21 Capstone | C99: timing and calibration checks | D99: 2 | E99: =IF(COUNTIF('M21 Capstone'!F26:F33,"CHECK")>0,"CHECK",IF(COUNTIF('M21 Capstone'!F26:F33,"OK")>0,"OK","no book values")) -> OK
A100: 21.4 | B100: M21 Capstone | C100: vertical error budget (full budget in Module 14) | D100: 3 | E100: =IF(COUNTIF('M21 Capstone'!F35:F47,"CHECK")>0,"CHECK",IF(COUNTIF('M21 Capstone'!F35:F47,"OK")>0,"OK","no book values")) -> OK
A101: 21.5 | B101: M21 Capstone | C101: control and checkpoint layout | D101: 2 | E101: =IF(COUNTIF('M21 Capstone'!F49:F56,"CHECK")>0,"CHECK",IF(COUNTIF('M21 Capstone'!F49:F56,"OK")>0,"OK","no book values")) -> OK
A102: 21.6 | B102: M21 Capstone | C102: the accuracy results | D102: 3 | E102: =IF(COUNTIF('M21 Capstone'!F58:F67,"CHECK")>0,"CHECK",IF(COUNTIF('M21 Capstone'!F58:F67,"OK")>0,"OK","no book values")) -> OK
A103: 21 data | B103: Dataset | C103: sample project: 30 checkpoints and accuracy report | D103: 14 | E103: =IF(COUNTIF(Dataset!F36:F54,"CHECK")>0,"CHECK",IF(COUNTIF(Dataset!F36:F54,"OK")>0,"OK","no book values")) -> OK

Sheet M02 Math
A1: Module 2 — Math Toolkit: worked examples
A2: Blue = input (edit it) Black = formula Green = linked from another example/sheet Check = formula result vs. the value printed in the seminar book
A4: Step / quantity | B4: Value | C4: Unit | D4: Equation (as in the book) | E4: Book value | F4: Check vs. book | G4: US feet | H4: Tolerance | I4: Notes
A6: Worked example 2.1 — multiplying with powers of ten
A7: Given: c = 2.997×10⁸ m/s, t = 4.00×10⁻⁷ s. Find c×t.
A8: Speed c | B8: 299700000 | C8: m/s | D8: input | G8: =B8/0.3048 -> 9.8326772e+08
A9: Time t | B9: 4e-07 | C9: s | D9: input
A10: c × t | B10: =$B$8*$B$9 -> 119.88 | C10: m | D10: c·t = 2.997×4.00 × 10^(8−7) | E10: 119.88 | F10: =IF(ABS(B10-E10)<=H10,"OK","CHECK") -> OK | G10: =B10/0.3048 -> 393.30709 | H10: 0.005
A12: Worked example 2.2 — a tiny angle at a long range
A13: Given: Aiming error 20 arc-seconds at 100 m.
A14: Angle | B14: 20 | C14: arc-sec | D14: input
A15: Distance | B15: 100 | C15: m | D15: input | G15: =B15/0.3048 -> 328.08399
A16: Seconds to degrees | B16: =$B$14/3600 -> 0.0055555556 | C16: deg | D16: a/3600 | E16: 0.005556 | F16: =IF(ABS(B16-E16)<=H16,"OK","CHECK") -> OK | H16: 1e-06
A17: Degrees to radians | B17: =RADIANS($B$16) -> 9.6962736e-05 | C17: rad | D17: deg × π/180 | E17: 9.7e-05 | F17: =IF(ABS(B17-E17)<=H17,"OK","CHECK") -> OK | H17: 5e-07
A18: Arc length (sideways) | B18: =$B$15*$B$17 -> 0.0096962736 | C18: m | D18: s = d·θ (rad) | E18: 0.0097 | F18: =IF(ABS(B18-E18)<=H18,"OK","CHECK") -> OK | G18: =B18/0.3048 -> 0.031811921 | H18: 5e-05
A20: Worked example 2.3 — a 3-4-5 triangle
A21: Given: Slope distance 5.000 m at 36.87° above horizontal.
A22: Slope distance | B22: 5 | C22: m | D22: input | G22: =B22/0.3048 -> 16.404199
A23: Angle above horizontal | B23: 36.87 | C23: deg | D23: input
A24: Across | B24: =$B$22*COS(RADIANS($B$23)) -> 3.9999946 | C24: m | D24: L cos θ | E24: 4 | F24: =IF(ABS(B24-E24)<=H24,"OK","CHECK") -> OK | G24: =B24/0.3048 -> 13.123342 | H24: 0.0005
A25: Up | B25: =$B$22*SIN(RADIANS($B$23)) -> 3.0000071 | C25: m | D25: L sin θ | E25: 3 | F25: =IF(ABS(B25-E25)<=H25,"OK","CHECK") -> OK | G25: =B25/0.3048 -> 9.8425431 | H25: 0.0005
A26: Check: length | B26: =SQRT($B$24^2+$B$25^2) -> 5 | C26: m | D26: √(x²+z²) | E26: 5 | F26: =IF(ABS(B26-E26)<=H26,"OK","CHECK") -> OK | G26: =B26/0.3048 -> 16.404199 | H26: 0.0005
A28: Worked example 2.4 — dot and cross products
A29: Given: a = (1, 2, 0), b = (3, 0, 0).
A30: a1 | B30: 1 | D30: input
A31: a2 | B31: 2 | D31: input
A32: a3 | B32: 0 | D32: input
A33: b1 | B33: 3 | D33: input
A34: b2 | B34: 0 | D34: input
A35: b3 | B35: 0 | D35: input
A36: Dot product a·b | B36: =$B$30*$B$33+$B$31*$B$34+$B$32*$B$35 -> 3 | D36: a1b1+a2b2+a3b3 | E36: 3 | F36: =IF(ABS(B36-E36)<=H36,"OK","CHECK") -> OK | H36: 1e-09
A37: Cross x | B37: =$B$31*$B$35-$B$32*$B$34 -> 0 | D37: a2b3 − a3b2 | E37: 0 | F37: =IF(ABS(B37-E37)<=H37,"OK","CHECK") -> OK | H37: 1e-09
A38: Cross y | B38: =$B$32*$B$33-$B$30*$B$35 -> 0 | D38: a3b1 − a1b3 | E38: 0 | F38: =IF(ABS(B38-E38)<=H38,"OK","CHECK") -> OK | H38: 1e-09
A39: Cross z | B39: =$B$30*$B$34-$B$31*$B$33 -> -6 | D39: a1b2 − a2b1 | E39: -6 | F39: =IF(ABS(B39-E39)<=H39,"OK","CHECK") -> OK | H39: 1e-09
A40: Parallelogram area |a×b| | B40: =SQRT($B$37^2+$B$38^2+$B$39^2) -> 6 | D40: ‖a×b‖ | E40: 6 | F40: =IF(ABS(B40-E40)<=H40,"OK","CHECK") -> OK | H40: 1e-09
A41: Base |b| | B41: =SQRT($B$33^2+$B$34^2+$B$35^2) -> 3 | D41: ‖b‖ | E41: 3 | F41: =IF(ABS(B41-E41)<=H41,"OK","CHECK") -> OK | H41: 1e-09
A42: Point-to-line distance (height) | B42: =$B$40/$B$41 -> 2 | D42: ‖a×b‖/‖b‖ | E42: 2 | F42: =IF(ABS(B42-E42)<=H42,"OK","CHECK") -> OK | H42: 1e-09
A44: Worked example 2.5 — matrix times vector
A45: Given: M = [[2,0,1],[0,1,0],[1,0,3]], v = (1, 4, 2).
A46: M11 | B46: 2 | D46: input
A47: M12 | B47: 0 | D47: input
A48: M13 | B48: 1 | D48: input
A49: M21 | B49: 0 | D49: input
A50: M22 | B50: 1 | D50: input
A51: M23 | B51: 0 | D51: input
A52: M31 | B52: 1 | D52: input
A53: M32 | B53: 0 | D53: input
A54: M33 | B54: 3 | D54: input
A55: v1 | B55: 1 | D55: input
A56: v2 | B56: 4 | D56: input
A57: v3 | B57: 2 | D57: input
A58: Result row 1 | B58: =$B$46*$B$55+$B$47*$B$56+$B$48*$B$57 -> 4 | D58: Σ M1j·vj | E58: 4 | F58: =IF(ABS(B58-E58)<=H58,"OK","CHECK") -> OK | H58: 1e-09
A59: Result row 2 | B59: =$B$49*$B$55+$B$50*$B$56+$B$51*$B$57 -> 4 | D59: Σ M2j·vj | E59: 4 | F59: =IF(ABS(B59-E59)<=H59,"OK","CHECK") -> OK | H59: 1e-09
A60: Result row 3 | B60: =$B$52*$B$55+$B$53*$B$56+$B$54*$B$57 -> 7 | D60: Σ M3j·vj | E60: 7 | F60: =IF(ABS(B60-E60)<=H60,"OK","CHECK") -> OK | H60: 1e-09
A62: Worked example 2.6 — five elevation errors
A63: Given: Errors +2, −1, +3, 0, +1 cm.
A64: Error 1 | B64: 2 | C64: cm | D64: input | G64: =B64/30.48 -> 0.065616798
A65: Error 2 | B65: -1 | C65: cm | D65: input | G65: =B65/30.48 -> -0.032808399
A66: Error 3 | B66: 3 | C66: cm | D66: input | G66: =B66/30.48 -> 0.098425197
A67: Error 4 | B67: 0 | C67: cm | D67: input | G67: =B67/30.48 -> 0
A68: Error 5 | B68: 1 | C68: cm | D68: input | G68: =B68/30.48 -> 0.032808399
A69: Count n | B69: =COUNT($B$64:$B$68) -> 5 | D69: n | E69: 5 | F69: =IF(ABS(B69-E69)<=H69,"OK","CHECK") -> OK | H69: 1e-09
A70: Mean (bias) | B70: =AVERAGE($B$64:$B$68) -> 1 | C70: cm | D70: ē = Σe/n | E70: 1 | F70: =IF(ABS(B70-E70)<=H70,"OK","CHECK") -> OK | G70: =B70/30.48 -> 0.032808399 | H70: 0.005
A71: Standard deviation (n−1) | B71: =STDEV($B$64:$B$68) -> 1.5811388 | C71: cm | D71: s = √(Σ(e−ē)²/(n−1)) | E71: 1.58 | F71: =IF(ABS(B71-E71)<=H71,"OK","CHECK") -> OK | G71: =B71/30.48 -> 0.051874634 | H71: 0.005
A72: RMSE | B72: =SQRT(SUMSQ($B$64:$B$68)/$B$69) -> 1.7320508 | C72: cm | D72: √(Σe²/n) | E72: 1.73 | F72: =IF(ABS(B72-E72)<=H72,"OK","CHECK") -> OK | G72: =B72/30.48 -> 0.056825814 | H72: 0.005
A73: Check: ē² + s²(n−1)/n | B73: =$B$70^2+$B$71^2*($B$69-1)/$B$69 -> 3 | C73: cm² | D73: → RMSE² | E73: 3 | F73: =IF(ABS(B73-E73)<=H73,"OK","CHECK") -> OK | H73: 1e-06

Sheet M03 Time of Flight
A1: Module 3 — Time of Flight and Phase: worked examples
A2: Blue = input (edit it) Black = formula Green = linked from another example/sheet Check = formula result vs. the value printed in the seminar book
A4: Step / quantity | B4: Value | C4: Unit | D4: Equation (as in the book) | E4: Book value | F4: Check vs. book | G4: US feet | H4: Tolerance | I4: Notes
A6: Worked example 3.1 — range from a 400 ns echo
A7: Given: Δt = 400 ns; standard air n = 1.000300.
A8: Speed of light in vacuum | B8: 299792458 | C8: m/s | D8: input | G8: =B8/0.3048 -> 9.8357106e+08
A9: Refractive index of air | B9: 1.0003 | D9: input
A10: Round-trip time | B10: 400 | C10: ns | D10: input
A11: Speed of light in air | B11: =$B$8/$B$9 -> 2.9970255e+08 | C11: m/s | D11: c = c0/n | E11: 299702547 | F11: =IF(ABS(B11-E11)<=H11,"OK","CHECK") -> OK | G11: =B11/0.3048 -> 9.8327607e+08 | H11: 1
A12: Time in seconds | B12: =$B$10*0.000000001 -> 4e-07 | C12: s | D12: ns × 10⁻⁹ | E12: 4e-07 | F12: =IF(ABS(B12-E12)<=H12,"OK","CHECK") -> OK | H12: 1e-12
A13: Round-trip path | B13: =$B$11*$B$12 -> 119.88102 | C13: m | D13: c·Δt | E13: 119.881 | F13: =IF(ABS(B13-E13)<=H13,"OK","CHECK") -> OK | G13: =B13/0.3048 -> 393.31043 | H13: 0.0005
A14: Range | B14: =$B$13/2 -> 59.940509 | C14: m | D14: ρ = c·Δt/2 | E14: 59.941 | F14: =IF(ABS(B14-E14)<=H14,"OK","CHECK") -> OK | G14: =B14/0.3048 -> 196.65521 | H14: 0.0005
A16: Worked example 3.2 — how fast can we fire?
A17: Given: PRF = 1 MHz, c = 2.997×10⁸ m/s.
A18: Pulse repetition frequency | B18: 1000000 | C18: Hz | D18: input
A19: Speed of light | B19: 299700000 | C19: m/s | D19: input | G19: =B19/0.3048 -> 9.8326772e+08
A20: Time between pulses | B20: =1/$B$18 -> 1e-06 | C20: s | D20: 1/PRF | E20: 1e-06 | F20: =IF(ABS(B20-E20)<=H20,"OK","CHECK") -> OK | H20: 1e-12
A21: Maximum unambiguous range | B21: =$B$19/(2*$B$18) -> 149.85 | C21: m | D21: ρmax = c/(2·PRF) | E21: 149.9 | F21: =IF(ABS(B21-E21)<=H21,"OK","CHECK") -> OK | G21: =B21/0.3048 -> 491.63386 | H21: 0.051
A22: At double the rate (2 MHz) | B22: =$B$19/(2*2*$B$18) -> 74.925 | C22: m | D22: c/(2·2PRF) | E22: 74.9 | F22: =IF(ABS(B22-E22)<=H22,"OK","CHECK") -> OK | G22: =B22/0.3048 -> 245.81693 | H22: 0.05
A24: Worked example 3.3 — phase measurement
A25: Given: fm = 10 MHz, Δφ = 90°, c = 2.997×10⁸ m/s, N = 0.
A26: Modulation frequency | B26: 10000000 | C26: Hz | D26: input
A27: Phase difference | B27: 90 | C27: deg | D27: input
A28: Speed of light | B28: 299700000 | C28: m/s | D28: input | G28: =B28/0.3048 -> 9.8326772e+08
A29: Whole cycles N | B29: 0 | D29: input
A30: Modulation wavelength | B30: =$B$28/$B$26 -> 29.97 | C30: m | D30: λm = c/fm | E30: 29.97 | F30: =IF(ABS(B30-E30)<=H30,"OK","CHECK") -> OK | G30: =B30/0.3048 -> 98.326772 | H30: 0.005
A31: Half-wavelength | B31: =$B$30/2 -> 14.985 | C31: m | D31: λm/2 | E31: 14.985 | F31: =IF(ABS(B31-E31)<=H31,"OK","CHECK") -> OK | G31: =B31/0.3048 -> 49.163386 | H31: 0.0005
A32: Fraction of a cycle | B32: =$B$27/360 -> 0.25 | D32: Δφ/2π | E32: 0.25 | F32: =IF(ABS(B32-E32)<=H32,"OK","CHECK") -> OK | H32: 1e-09
A33: Range | B33: =$B$31*($B$29+$B$32) -> 3.74625 | C33: m | D33: ρ = (λm/2)(N + Δφ/2π) | E33: 3.746 | F33: =IF(ABS(B33-E33)<=H33,"OK","CHECK") -> OK | G33: =B33/0.3048 -> 12.290846 | H33: 0.0005
A34: Ambiguous alternative N+1 | B34: =$B$33+$B$31 -> 18.73125 | C34: m | D34: ρ + λm/2 | E34: 18.731 | F34: =IF(ABS(B34-E34)<=H34,"OK","CHECK") -> OK | G34: =B34/0.3048 -> 61.454232 | H34: 0.0005
A35: Ambiguous alternative N+2 | B35: =$B$33+2*$B$31 -> 33.71625 | C35: m | D35: ρ + 2·λm/2 | E35: 33.716 | F35: =IF(ABS(B35-E35)<=H35,"OK","CHECK") -> OK | G35: =B35/0.3048 -> 110.61762 | H35: 0.0005

Sheet M04 Beam
A1: Module 4 — Beam, Footprint and Reflectivity: worked examples
A2: Blue = input (edit it) Black = formula Green = linked from another example/sheet Check = formula result vs. the value printed in the seminar book
A4: Step / quantity | B4: Value | C4: Unit | D4: Equation (as in the book) | E4: Book value | F4: Check vs. book | G4: US feet | H4: Tolerance | I4: Notes
A6: Worked example 4.1 — spot size at 50 m and 100 m
A7: Given: d0 = 5 mm, γ = 0.3 mrad.
A8: Exit diameter | B8: 0.005 | C8: m | D8: input | G8: =B8/0.3048 -> 0.016404199
A9: Divergence | B9: 0.3 | C9: mrad | D9: input
A10: Range 1 | B10: 50 | C10: m | D10: input | G10: =B10/0.3048 -> 164.04199
A11: Range 2 | B11: 100 | C11: m | D11: input | G11: =B11/0.3048 -> 328.08399
A12: Footprint at range 1 | B12: =$B$8+$B$10*$B$9/1000 -> 0.02 | C12: m | D12: D = d0 + ρ·γ | E12: 0.02 | F12: =IF(ABS(B12-E12)<=H12,"OK","CHECK") -> OK | G12: =B12/0.3048 -> 0.065616798 | H12: 0.0005
A13: Footprint at range 2 | B13: =$B$8+$B$11*$B$9/1000 -> 0.035 | C13: m | D13: D = d0 + ρ·γ | E13: 0.035 | F13: =IF(ABS(B13-E13)<=H13,"OK","CHECK") -> OK | G13: =B13/0.3048 -> 0.1148294 | H13: 0.0005
A15: Worked example 4.2 — comparing two targets
A16: Given: A: white concrete 0.6 at 10 m head-on; B: asphalt 0.1 at 50 m, 60° incidence.
A17: Reflectivity A | B17: 0.6 | D17: input
A18: Range A | B18: 10 | C18: m | D18: input | G18: =B18/0.3048 -> 32.808399
A19: Incidence A | B19: 0 | C19: deg | D19: input
A20: Reflectivity B | B20: 0.1 | D20: input
A21: Range B | B21: 50 | C21: m | D21: input | G21: =B21/0.3048 -> 164.04199
A22: Incidence B | B22: 60 | C22: deg | D22: input
A23: Power ratio PB/PA | B23: =($B$20/$B$17)*(COS(RADIANS($B$22))/COS(RADIANS($B$19)))*($B$18^2/$B$21^2) -> 0.0033333333 | D23: (ρB/ρA)(cos θB/cos θA)(RA²/RB²) | E23: 0.00333 | F23: =IF(ABS(B23-E23)<=H23,"OK","CHECK") -> OK | H23: 5e-06
A24: A returns this many times more | B24: =1/$B$23 -> 300 | C24: × | D24: 1/ratio | E24: 300 | F24: =IF(ABS(B24-E24)<=H24,"OK","CHECK") -> OK | H24: 1
A26: Worked example 4.3 — how far can I see dark asphalt?
A27: Given: OS0 sees a 10% target to 35 m; max range ∝ √reflectivity.
A28: Range on 10% target | B28: 35 | C28: m | D28: input | G28: =B28/0.3048 -> 114.8294
A29: Reference reflectivity | B29: 10 | C29: % | D29: input
A30: Fresh asphalt reflectivity | B30: 5 | C30: % | D30: input
A31: Max range on fresh asphalt | B31: =$B$28*SQRT($B$30/$B$29) -> 24.748737 | C31: m | D31: R = R10·√(ρ/10%) | E31: 25 | F31: =IF(ABS(B31-E31)<=H31,"OK","CHECK") -> OK | G31: =B31/0.3048 -> 81.196645 | H31: 0.5
A32: Black car reflectivity | B32: 4 | C32: % | D32: input
A33: Max range on black car | B33: =$B$28*SQRT($B$32/$B$29) -> 22.135944 | C33: m | D33: R = R10·√(ρ/10%) | E33: 22 | F33: =IF(ABS(B33-E33)<=H33,"OK","CHECK") -> OK | G33: =B33/0.3048 -> 72.624487 | H33: 0.5
A34: Concrete reflectivity | B34: 40 | C34: % | D34: input
A35: Max range on concrete | B35: =$B$28*SQRT($B$34/$B$29) -> 70 | C35: m | D35: R = R10·√(ρ/10%) | E35: 70 | F35: =IF(ABS(B35-E35)<=H35,"OK","CHECK") -> OK | G35: =B35/0.3048 -> 229.65879 | H35: 0.5

Sheet M05 Polar
A1: Module 5 — Polar to Cartesian and Point Spacing: worked examples
A2: Blue = input (edit it) Black = formula Green = linked from another example/sheet Check = formula result vs. the value printed in the seminar book
A4: Step / quantity | B4: Value | C4: Unit | D4: Equation (as in the book) | E4: Book value | F4: Check vs. book | G4: US feet | H4: Tolerance | I4: Notes
A6: Worked example 5.1 — one laser return to sensor coordinates
A7: Given: ρ = 25.000 m, H = 40.0°, V = 15.0°; x forward, y left, z up.
A8: Range ρ | B8: 25 | C8: m | D8: input | G8: =B8/0.3048 -> 82.020997
A9: Horizontal angle H | B9: 40 | C9: deg | D9: input
A10: Vertical angle V | B10: 15 | C10: deg | D10: input
A11: Horizontal part ρ cos V | B11: =$B$8*COS(RADIANS($B$10)) -> 24.148146 | C11: m | D11: ρ cos V | E11: 24.148 | F11: =IF(ABS(B11-E11)<=H11,"OK","CHECK") -> OK | G11: =B11/0.3048 -> 79.2262 | H11: 0.0005
A12: x_s | B12: =$B$11*COS(RADIANS($B$9)) -> 18.498553 | C12: m | D12: ρ cos V cos H | E12: 18.499 | F12: =IF(ABS(B12-E12)<=H12,"OK","CHECK") -> OK | G12: =B12/0.3048 -> 60.69079 | H12: 0.0005
A13: y_s | B13: =$B$11*SIN(RADIANS($B$9)) -> 15.522129 | C13: m | D13: ρ cos V sin H | E13: 15.522 | F13: =IF(ABS(B13-E13)<=H13,"OK","CHECK") -> OK | G13: =B13/0.3048 -> 50.92562 | H13: 0.0005
A14: z_s | B14: =$B$8*SIN(RADIANS($B$10)) -> 6.4704761 | C14: m | D14: ρ sin V | E14: 6.47 | F14: =IF(ABS(B14-E14)<=H14,"OK","CHECK") -> OK | G14: =B14/0.3048 -> 21.228596 | H14: 0.0005
A15: Check: length | B15: =SQRT($B$12^2+$B$13^2+$B$14^2) -> 25 | C15: m | D15: √(x²+y²+z²) = ρ | E15: 25 | F15: =IF(ABS(B15-E15)<=H15,"OK","CHECK") -> OK | G15: =B15/0.3048 -> 82.020997 | H15: 0.0005
A17: Worked example 5.2 — planning a corridor survey
A18: Given: 16 channels, 0.2° step, 10 Hz, 15 m/s, target 20 m away.
A19: Channels | B19: 16 | D19: input
A20: Horizontal step | B20: 0.2 | C20: deg | D20: input
A21: Rotation rate | B21: 10 | C21: Hz | D21: input
A22: Speed | B22: 15 | C22: m/s | D22: input | G22: =B22/0.3048 -> 49.212598
A23: Range to target | B23: 20 | C23: m | D23: input | G23: =B23/0.3048 -> 65.616798
A24: Slower speed | B24: 5 | C24: m/s | D24: input | G24: =B24/0.3048 -> 16.404199
A25: Along-track spacing | B25: =$B$22/$B$21 -> 1.5 | C25: m | D25: Δalong = v/f | E25: 1.5 | F25: =IF(ABS(B25-E25)<=H25,"OK","CHECK") -> OK | G25: =B25/0.3048 -> 4.9212598 | H25: 0.0005
A26: Across-track spacing | B26: =$B$23*RADIANS($B$20) -> 0.06981317 | C26: m | D26: Δacross = ρ·Δθ | E26: 0.07 | F26: =IF(ABS(B26-E26)<=H26,"OK","CHECK") -> OK | G26: =B26/0.3048 -> 0.22904583 | H26: 0.0005
A27: Azimuth samples per rotation | B27: =360/$B$20 -> 1800 | D27: 360/Δθ | E27: 1800 | F27: =IF(ABS(B27-E27)<=H27,"OK","CHECK") -> OK | H27: 1e-06
A28: Point rate | B28: =$B$19*$B$27*$B$21 -> 288000 | C28: pts/s | D28: N = channels × Naz × f | E28: 288000 | F28: =IF(ABS(B28-E28)<=H28,"OK","CHECK") -> OK | H28: 1e-06
A29: Along-track spacing at slower speed | B29: =$B$24/$B$21 -> 0.5 | C29: m | D29: v2/f | E29: 0.5 | F29: =IF(ABS(B29-E29)<=H29,"OK","CHECK") -> OK | G29: =B29/0.3048 -> 1.6404199 | H29: 0.0005

Sheet M06 Rotation
A1: Module 6 — Pose, Right-Hand Rule and Rotations: worked examples
A2: Blue = input (edit it) Black = formula Green = linked from another example/sheet Check = formula result vs. the value printed in the seminar book
A4: Step / quantity | B4: Value | C4: Unit | D4: Equation (as in the book) | E4: Book value | F4: Check vs. book | G4: US feet | H4: Tolerance | I4: Notes
A6: Worked example 6.1 — checking a frame with the cross product
A7: Given: Datasheet: X forward, Y right, Z up. In FLU, forward=(1,0,0), right=(0,−1,0).
A8: Forward axis component 1 | B8: 1 | D8: input
A9: Forward axis component 2 | B9: 0 | D9: input
A10: Forward axis component 3 | B10: 0 | D10: input
A11: Right axis component 1 | B11: 0 | D11: input
A12: Right axis component 2 | B12: -1 | D12: input
A13: Right axis component 3 | B13: 0 | D13: input
A14: X × Y, x | B14: =$B$9*$B$13-$B$10*$B$12 -> 0 | D14: cross product | E14: 0 | F14: =IF(ABS(B14-E14)<=H14,"OK","CHECK") -> OK | H14: 1e-09
A15: X × Y, y | B15: =$B$10*$B$11-$B$8*$B$13 -> 0 | D15: cross product | E15: 0 | F15: =IF(ABS(B15-E15)<=H15,"OK","CHECK") -> OK | H15: 1e-09
A16: X × Y, z (thumb) | B16: =$B$8*$B$12-$B$9*$B$11 -> -1 | D16: −1 = thumb points down | E16: -1 | F16: =IF(ABS(B16-E16)<=H16,"OK","CHECK") -> OK | H16: 1e-09
A17: Result: Z = X × Y points DOWN, so 'X forward, Y right, Z up' is left-handed. Confirm FRD with the manufacturer.
A19: Worked example 6.2 — rotate (3, 4) by 30°
A20: x | B20: 3 | D20: input
A21: y | B21: 4 | D21: input
A22: Rotation angle | B22: 30 | C22: deg | D22: input
A23: x′ | B23: =COS(RADIANS($B$22))*$B$20-SIN(RADIANS($B$22))*$B$21 -> 0.59807621 | D23: x cos α − y sin α | E23: 0.598 | F23: =IF(ABS(B23-E23)<=H23,"OK","CHECK") -> OK | H23: 0.0005
A24: y′ | B24: =SIN(RADIANS($B$22))*$B$20+COS(RADIANS($B$22))*$B$21 -> 4.9641016 | D24: x sin α + y cos α | E24: 4.964 | F24: =IF(ABS(B24-E24)<=H24,"OK","CHECK") -> OK | H24: 0.0005
A25: Length after (check) | B25: =SQRT($B$23^2+$B$24^2) -> 5 | D25: unchanged = 5 | E25: 5 | F25: =IF(ABS(B25-E25)<=H25,"OK","CHECK") -> OK | H25: 0.0005
A27: Worked example 6.3 — one gyro step
A28: Given: ωz = 0.0842 rad/s, Δt = 0.005 s (200 Hz), start heading 0.
A29: Yaw rate ωz | B29: 0.0842 | C29: rad/s | D29: input
A30: Time step | B30: 0.005 | C30: s | D30: input
A31: Steps (1 s) | B31: 200 | D31: input
A32: Rotation in one step | B32: =$B$29*$B$30 -> 0.000421 | C32: rad | D32: α = ω·Δt | E32: 0.000421 | F32: =IF(ABS(B32-E32)<=H32,"OK","CHECK") -> OK | H32: 5e-07
A33: In degrees | B33: =DEGREES($B$32) -> 0.024121523 | C33: deg | E33: 0.0241 | F33: =IF(ABS(B33-E33)<=H33,"OK","CHECK") -> OK | H33: 5e-05
A34: cos α | B34: =COS($B$32) -> 0.99999991 | E34: 0.99999991 | F34: =IF(ABS(B34-E34)<=H34,"OK","CHECK") -> OK | H34: 1e-08
A35: Heading after 200 steps | B35: =$B$31*$B$32 -> 0.0842 | C35: rad | D35: Σα | E35: 0.0842 | F35: =IF(ABS(B35-E35)<=H35,"OK","CHECK") -> OK | H35: 1e-06
A36: In degrees | B36: =DEGREES($B$35) -> 4.8243046 | C36: deg | E36: 4.82 | F36: =IF(ABS(B36-E36)<=H36,"OK","CHECK") -> OK | H36: 0.005
A38: Worked example 6.4 — 0.05° heading error at 80 m
A39: Heading error | B39: 0.05 | C39: deg | D39: input
A40: Range | B40: 80 | C40: m | D40: input | G40: =B40/0.3048 -> 262.46719
A41: Radians | B41: =RADIANS($B$39) -> 0.00087266463 | C41: rad | D41: deg × π/180 | E41: 0.0008727 | F41: =IF(ABS(B41-E41)<=H41,"OK","CHECK") -> OK | H41: 1e-07
A42: Sideways displacement | B42: =$B$40*$B$41 -> 0.06981317 | C42: m | D42: δ = ρ·δα | E42: 0.0698 | F42: =IF(ABS(B42-E42)<=H42,"OK","CHECK") -> OK | G42: =B42/0.3048 -> 0.22904583 | H42: 5e-05
A43: Same error at 100 m | B43: =100*$B$41*100 -> 8.7266463 | C43: cm | D43: 100 m × δα | E43: 8.7 | F43: =IF(ABS(B43-E43)<=H43,"OK","CHECK") -> OK | G43: =B43/30.48 -> 0.28630729 | H43: 0.05
A44: 0.1° at 100 m | B44: =100*RADIANS(0.1)*100 -> 17.453293 | C44: cm | D44: 100 m × 0.1° | E44: 17.5 | F44: =IF(ABS(B44-E44)<=H44,"OK","CHECK") -> OK | G44: =B44/30.48 -> 0.57261458 | H44: 0.06

Sheet M07 IMU
A1: Module 7 — IMU and Strapdown Navigation: worked examples
A2: Blue = input (edit it) Black = formula Green = linked from another example/sheet Check = formula result vs. the value printed in the seminar book
A4: Step / quantity | B4: Value | C4: Unit | D4: Equation (as in the book) | E4: Book value | F4: Check vs. book | G4: US feet | H4: Tolerance | I4: Notes
A6: Worked example 7.1 — one strapdown step along a road
A7: Given: 100 Hz; level; v = 15.000 m/s; x = 100.000 m; âx = 0.80, âz = 9.81 m/s².
A8: Time step | B8: 0.01 | C8: s | D8: input
A9: Velocity | B9: 15 | C9: m/s | D9: input | G9: =B9/0.3048 -> 49.212598
A10: Position | B10: 100 | C10: m | D10: input | G10: =B10/0.3048 -> 328.08399
A11: Accelerometer x | B11: 0.8 | C11: m/s² | D11: input
A12: Accelerometer z | B12: 9.81 | C12: m/s² | D12: input
A13: Gravity | B13: 9.81 | C13: m/s² | D13: input
A14: Vertical velocity change | B14: =(-$B$13+$B$12)*$B$8 -> 0 | C14: m/s | D14: (g + âz)Δt, g = −9.81 | E14: 0 | F14: =IF(ABS(B14-E14)<=H14,"OK","CHECK") -> OK | G14: =B14/0.3048 -> 0 | H14: 1e-09
A15: New forward velocity | B15: =$B$9+$B$11*$B$8 -> 15.008 | C15: m/s | D15: v + âΔt | E15: 15.008 | F15: =IF(ABS(B15-E15)<=H15,"OK","CHECK") -> OK | G15: =B15/0.3048 -> 49.238845 | H15: 0.0005
A16: New forward position | B16: =$B$10+$B$9*$B$8+0.5*$B$11*$B$8^2 -> 100.15004 | C16: m | D16: x + vΔt + ½âΔt² | E16: 100.15004 | F16: =IF(ABS(B16-E16)<=H16,"OK","CHECK") -> OK | G16: =B16/0.3048 -> 328.57625 | H16: 5e-06
A17: Speed-up | B17: =$B$11*$B$8*1000 -> 8 | C17: mm/s | D17: âΔt | E17: 8 | F17: =IF(ABS(B17-E17)<=H17,"OK","CHECK") -> OK | H17: 1e-06
A19: Worked example 7.2 — tactical IMU coasting through a tunnel
A20: Given: Gyro bias 1°/h, accel bias 0.5 mg, 15 m/s, 60 s unaided.
A21: Gyro bias | B21: 1 | C21: deg/h | D21: input
A22: Accel bias | B22: 0.5 | C22: mg | D22: input
A23: Speed | B23: 15 | C23: m/s | D23: input | G23: =B23/0.3048 -> 49.212598
A24: Outage | B24: 60 | C24: s | D24: input
A25: Standard gravity | B25: 9.80665 | C25: m/s² | D25: input
A26: Shorter outage | B26: 30 | C26: s | D26: input
A27: Gyro bias in rad/s | B27: =RADIANS($B$21/3600) -> 4.8481368e-06 | C27: rad/s | D27: (1/3600)°/s × π/180 | E27: 4.848e-06 | F27: =IF(ABS(B27-E27)<=H27,"OK","CHECK") -> OK | H27: 1e-09
A28: Heading error | B28: =$B$27*$B$24 -> 0.00029088821 | C28: rad | D28: bg·t | E28: 0.0002909 | F28: =IF(ABS(B28-E28)<=H28,"OK","CHECK") -> OK | H28: 1e-07
A29: Heading error (deg) | B29: =DEGREES($B$28) -> 0.016666667 | C29: deg | E29: 0.0167 | F29: =IF(ABS(B29-E29)<=H29,"OK","CHECK") -> OK | H29: 5e-05
A30: Sideways error | B30: =0.5*$B$23*$B$27*$B$24^2 -> 0.13089969 | C30: m | D30: ½·v·bg·t² | E30: 0.131 | F30: =IF(ABS(B30-E30)<=H30,"OK","CHECK") -> OK | G30: =B30/0.3048 -> 0.42946094 | H30: 0.0005
A31: Accel bias in m/s² | B31: =$B$22*0.001*$B$25 -> 0.004903325 | C31: m/s² | D31: mg × 10⁻³ × g | E31: 0.004903 | F31: =IF(ABS(B31-E31)<=H31,"OK","CHECK") -> OK | H31: 1e-06
A32: Along-track error | B32: =0.5*$B$31*$B$24^2 -> 8.825985 | C32: m | D32: ½·ba·t² | E32: 8.83 | F32: =IF(ABS(B32-E32)<=H32,"OK","CHECK") -> OK | G32: =B32/0.3048 -> 28.956644 | H32: 0.005
A33: Along-track error after 30 s | B33: =0.5*$B$31*$B$26^2 -> 2.2064962 | C33: m | D33: ½·ba·t² | E33: 2.2 | F33: =IF(ABS(B33-E33)<=H33,"OK","CHECK") -> OK | G33: =B33/0.3048 -> 7.2391609 | H33: 0.05
A35: Worked example 7.3 — 0.1° tilt error
A36: Tilt error | B36: 0.1 | C36: deg | D36: input
A37: Gravity | B37: 9.80665 | C37: m/s² | D37: input
A38: Time | B38: 10 | C38: s | D38: input
A39: Leaked acceleration | B39: =$B$37*SIN(RADIANS($B$36)) -> 0.017115824 | C39: m/s² | D39: g sin δθ | E39: 0.01712 | F39: =IF(ABS(B39-E39)<=H39,"OK","CHECK") -> OK | H39: 1e-05
A40: In mg | B40: =$B$39/$B$37*1000 -> 1.7453284 | C40: mg | E40: 1.7 | F40: =IF(ABS(B40-E40)<=H40,"OK","CHECK") -> OK | H40: 0.05
A41: Position error after t | B41: =0.5*$B$39*$B$38^2 -> 0.85579122 | C41: m | D41: ½·a·t² | E41: 0.86 | F41: =IF(ABS(B41-E41)<=H41,"OK","CHECK") -> OK | G41: =B41/0.3048 -> 2.807714 | H41: 0.005
A43: Worked example 7.4 — preintegration in one dimension
A44: Given: 10 IMU samples at 100 Hz, â = 0.50 m/s², vi = 12.000 m/s.
A45: Samples | B45: 10 | D45: input
A46: IMU rate | B46: 100 | C46: Hz | D46: input
A47: Acceleration | B47: 0.5 | C47: m/s² | D47: input
A48: vi | B48: 12 | C48: m/s | D48: input | G48: =B48/0.3048 -> 39.370079
A49: Sample interval | B49: =1/$B$46 -> 0.01 | C49: s | D49: 1/f | E49: 0.01 | F49: =IF(ABS(B49-E49)<=H49,"OK","CHECK") -> OK | H49: 1e-09
A50: Δt_ij | B50: =$B$45*$B$49 -> 0.1 | C50: s | D50: n·δt | E50: 0.1 | F50: =IF(ABS(B50-E50)<=H50,"OK","CHECK") -> OK | H50: 1e-09
A51: Δv_ij | B51: =$B$45*$B$47*$B$49 -> 0.05 | C51: m/s | D51: Σ â δt | E51: 0.05 | F51: =IF(ABS(B51-E51)<=H51,"OK","CHECK") -> OK | G51: =B51/0.3048 -> 0.16404199 | H51: 1e-06
A52: Δp_ij | B52: =0.5*$B$47*$B$50^2 -> 0.0025 | C52: m | D52: ½ â Δt_ij² | E52: 0.0025 | F52: =IF(ABS(B52-E52)<=H52,"OK","CHECK") -> OK | G52: =B52/0.3048 -> 0.0082020997 | H52: 1e-07
A53: vj | B53: =$B$48+$B$51 -> 12.05 | C53: m/s | D53: vi + Δv | E53: 12.05 | F53: =IF(ABS(B53-E53)<=H53,"OK","CHECK") -> OK | G53: =B53/0.3048 -> 39.534121 | H53: 1e-06
A54: pj − pi | B54: =$B$48*$B$50+$B$52 -> 1.2025 | C54: m | D54: vi Δt + Δp | E54: 1.2025 | F54: =IF(ABS(B54-E54)<=H54,"OK","CHECK") -> OK | G54: =B54/0.3048 -> 3.94521 | H54: 1e-06

Sheet M08 Timing
A1: Module 8 — Timing and De-skew: worked examples
A2: Blue = input (edit it) Black = formula Green = linked from another example/sheet Check = formula result vs. the value printed in the seminar book
A4: Step / quantity | B4: Value | C4: Unit | D4: Equation (as in the book) | E4: Book value | F4: Check vs. book | G4: US feet | H4: Tolerance | I4: Notes
A6: Worked example 8.1 — a 1 ms clock offset
A7: Given: δt = 1 ms; 20 m/s; turning 30°/s; point 50 m away.
A8: Clock offset | B8: 0.001 | C8: s | D8: input
A9: Speed | B9: 20 | C9: m/s | D9: input | G9: =B9/0.3048 -> 65.616798
A10: Turn rate | B10: 30 | C10: deg/s | D10: input
A11: Range | B11: 50 | C11: m | D11: input | G11: =B11/0.3048 -> 164.04199
A12: Along-track error | B12: =$B$9*$B$8 -> 0.02 | C12: m | D12: v·δt | E12: 0.02 | F12: =IF(ABS(B12-E12)<=H12,"OK","CHECK") -> OK | G12: =B12/0.3048 -> 0.065616798 | H12: 0.0005
A13: Rotation during offset | B13: =RADIANS($B$10*$B$8) -> 0.00052359878 | C13: rad | D13: ω·δt | E13: 0.000524 | F13: =IF(ABS(B13-E13)<=H13,"OK","CHECK") -> OK | H13: 5e-07
A14: Sideways error at range | B14: =$B$11*$B$13 -> 0.026179939 | C14: m | D14: ρ·ω·δt | E14: 0.026 | F14: =IF(ABS(B14-E14)<=H14,"OK","CHECK") -> OK | G14: =B14/0.3048 -> 0.085892188 | H14: 0.0005
A16: Worked example 8.2 — how big is the skew?
A17: Given: 10 Hz sweep, 15 m/s, point fired 0.075 s into the sweep.
A18: Sweep rate | B18: 10 | C18: Hz | D18: input
A19: Speed | B19: 15 | C19: m/s | D19: input | G19: =B19/0.3048 -> 49.212598
A20: Time into sweep | B20: 0.075 | C20: s | D20: input
A21: Sweep period | B21: =1/$B$18 -> 0.1 | C21: s | D21: 1/f | E21: 0.1 | F21: =IF(ABS(B21-E21)<=H21,"OK","CHECK") -> OK | H21: 1e-09
A22: Distance moved by this point | B22: =$B$19*$B$20 -> 1.125 | C22: m | D22: v·τ | E22: 1.125 | F22: =IF(ABS(B22-E22)<=H22,"OK","CHECK") -> OK | G22: =B22/0.3048 -> 3.6909449 | H22: 0.0005
A23: First-to-last difference | B23: =$B$19*$B$21 -> 1.5 | C23: m | D23: v·T | E23: 1.5 | F23: =IF(ABS(B23-E23)<=H23,"OK","CHECK") -> OK | G23: =B23/0.3048 -> 4.9212598 | H23: 0.0005

Sheet M09 Calibration
A1: Module 9 — Lever Arm, Boresight and Direct Georeferencing: worked examples
A2: Blue = input (edit it) Black = formula Green = linked from another example/sheet Check = formula result vs. the value printed in the seminar book
A4: Step / quantity | B4: Value | C4: Unit | D4: Equation (as in the book) | E4: Book value | F4: Check vs. book | G4: US feet | H4: Tolerance | I4: Notes
A6: Worked example 9.1 — boresight residual at mapping range
A7: Given: Residual boresight 0.05°; target 80 m away.
A8: Boresight residual | B8: 0.05 | C8: deg | D8: input
A9: Range | B9: 80 | C9: m | D9: input | G9: =B9/0.3048 -> 262.46719
A10: Radians | B10: =RADIANS($B$8) -> 0.00087266463 | C10: rad | E10: 0.0008727 | F10: =IF(ABS(B10-E10)<=H10,"OK","CHECK") -> OK | H10: 1e-07
A11: Displacement | B11: =$B$9*$B$10 -> 0.06981317 | C11: m | D11: ρ·δα | E11: 0.0698 | F11: =IF(ABS(B11-E11)<=H11,"OK","CHECK") -> OK | G11: =B11/0.3048 -> 0.22904583 | H11: 5e-05
A13: Worked example 9.2 — direct georeferencing, every step
A14: Given: FLU body, ENU world, ZYX angles. pW = (1000, 2000, 10) m; roll 1.0°, pitch −0.5°, yaw 30.0°; lever arm (0.120, 0, 0.085) m; boresight (0.05°, −0.03°, 0.02°); ρ = 25.000 m, H = 10.0°, V = 2.0°. The workbook uses exact rotation matrices; the book used the small-angle form for boresight.
A15: IMU position E | B15: 1000 | C15: m | D15: input | G15: =B15/0.3048 -> 3280.8399
A16: IMU position N | B16: 2000 | C16: m | D16: input | G16: =B16/0.3048 -> 6561.6798
A17: IMU position U | B17: 10 | C17: m | D17: input | G17: =B17/0.3048 -> 32.808399
A18: Roll | B18: 1 | C18: deg | D18: input
A19: Pitch | B19: -0.5 | C19: deg | D19: input
A20: Yaw | B20: 30 | C20: deg | D20: input
A21: Lever arm x | B21: 0.12 | C21: m | D21: input | G21: =B21/0.3048 -> 0.39370079
A22: Lever arm y | B22: 0 | C22: m | D22: input | G22: =B22/0.3048 -> 0
A23: Lever arm z | B23: 0.085 | C23: m | D23: input | G23: =B23/0.3048 -> 0.27887139
A24: Boresight roll | B24: 0.05 | C24: deg | D24: input
A25: Boresight pitch | B25: -0.03 | C25: deg | D25: input
A26: Boresight yaw | B26: 0.02 | C26: deg | D26: input
A27: Range | B27: 25 | C27: m | D27: input | G27: =B27/0.3048 -> 82.020997
A28: Horizontal angle | B28: 10 | C28: deg | D28: input
A29: Vertical angle | B29: 2 | C29: deg | D29: input
A30: Step 1: x_S | B30: =$B$27*COS(RADIANS($B$29))*COS(RADIANS($B$28)) -> 24.605196 | C30: m | D30: ρ cos V cos H | E30: 24.6052 | F30: =IF(ABS(B30-E30)<=H30,"OK","CHECK") -> OK | G30: =B30/0.3048 -> 80.725708 | H30: 5e-05
A31: Step 1: y_S | B31: =$B$27*COS(RADIANS($B$29))*SIN(RADIANS($B$28)) -> 4.3385599 | C31: m | D31: ρ cos V sin H | E31: 4.3386 | F31: =IF(ABS(B31-E31)<=H31,"OK","CHECK") -> OK | G31: =B31/0.3048 -> 14.23412 | H31: 5e-05
A32: Step 1: z_S | B32: =$B$27*SIN(RADIANS($B$29)) -> 0.87248742 | C32: m | D32: ρ sin V | E32: 0.8725 | F32: =IF(ABS(B32-E32)<=H32,"OK","CHECK") -> OK | G32: =B32/0.3048 -> 2.8624915 | H32: 5e-05
A33: Step 2: boresight R11 | B33: =COS(RADIANS($B$26))*COS(RADIANS($B$25)) -> 0.9999998 | D33: Rz(δψ)Ry(δθ)Rx(δφ)
A34: Step 2: boresight R12 | B34: =COS(RADIANS($B$26))*SIN(RADIANS($B$25))*SIN(RADIANS($B$24))-SIN(RADIANS($B$26))*COS(RADIANS($B$24)) -> -0.00034952264 | D34: Rz(δψ)Ry(δθ)Rx(δφ)
A35: Step 2: boresight R13 | B35: =COS(RADIANS($B$26))*SIN(RADIANS($B$25))*COS(RADIANS($B$24))+SIN(RADIANS($B$26))*SIN(RADIANS($B$24)) -> -0.0005232939 | D35: Rz(δψ)Ry(δθ)Rx(δφ)
A36: Step 2: boresight R21 | B36: =SIN(RADIANS($B$26))*COS(RADIANS($B$25)) -> 0.0003490658 | D36: Rz(δψ)Ry(δθ)Rx(δφ)
A37: Step 2: boresight R22 | B37: =SIN(RADIANS($B$26))*SIN(RADIANS($B$25))*SIN(RADIANS($B$24))+COS(RADIANS($B$26))*COS(RADIANS($B$24)) -> 0.99999956 | D37: Rz(δψ)Ry(δθ)Rx(δφ)
A38: Step 2: boresight R23 | B38: =SIN(RADIANS($B$26))*SIN(RADIANS($B$25))*COS(RADIANS($B$24))-COS(RADIANS($B$26))*SIN(RADIANS($B$24)) -> -0.00087284723 | D38: Rz(δψ)Ry(δθ)Rx(δφ)
A39: Step 2: boresight R31 | B39: =-SIN(RADIANS($B$25)) -> 0.00052359875 | D39: Rz(δψ)Ry(δθ)Rx(δφ)
A40: Step 2: boresight R32 | B40: =COS(RADIANS($B$25))*SIN(RADIANS($B$24)) -> 0.0008726644 | D40: Rz(δψ)Ry(δθ)Rx(δφ)
A41: Step 2: boresight R33 | B41: =COS(RADIANS($B$25))*COS(RADIANS($B$24)) -> 0.99999948 | D41: Rz(δψ)Ry(δθ)Rx(δφ)
A42: Step 2: rotated point, axis 1 | B42: =$B$33*$B$30+$B$34*$B$31+$B$35*$B$32 -> 24.603218 | C42: m | D42: R^B_S · x_S | E42: 24.6032 | F42: =IF(ABS(B42-E42)<=H42,"OK","CHECK") -> OK | G42: =B42/0.3048 -> 80.719219 | H42: 0.0002
A43: Step 2: rotated point, axis 2 | B43: =$B$36*$B$30+$B$37*$B$31+$B$38*$B$32 -> 4.3463853 | C43: m | D43: R^B_S · x_S | E43: 4.3464 | F43: =IF(ABS(B43-E43)<=H43,"OK","CHECK") -> OK | G43: =B43/0.3048 -> 14.259794 | H43: 0.0002
A44: Step 2: rotated point, axis 3 | B44: =$B$39*$B$30+$B$40*$B$31+$B$41*$B$32 -> 0.88915632 | C44: m | D44: R^B_S · x_S | E44: 0.8892 | F44: =IF(ABS(B44-E44)<=H44,"OK","CHECK") -> OK | G44: =B44/0.3048 -> 2.9171795 | H44: 0.0002
A45: Step 3: add lever arm (x) | B45: =$B$42+$B$21 -> 24.723218 | C45: m | D45: r_B = R x_S + l | E45: 24.7232 | F45: =IF(ABS(B45-E45)<=H45,"OK","CHECK") -> OK | G45: =B45/0.3048 -> 81.11292 | H45: 0.0002
A46: Step 3: add lever arm (y) | B46: =$B$43+$B$22 -> 4.3463853 | C46: m | D46: r_B = R x_S + l | E46: 4.3464 | F46: =IF(ABS(B46-E46)<=H46,"OK","CHECK") -> OK | G46: =B46/0.3048 -> 14.259794 | H46: 0.0002
A47: Step 3: add lever arm (z) | B47: =$B$44+$B$23 -> 0.97415632 | C47: m | D47: r_B = R x_S + l | E47: 0.9742 | F47: =IF(ABS(B47-E47)<=H47,"OK","CHECK") -> OK | G47: =B47/0.3048 -> 3.1960509 | H47: 0.0002
A48: Step 4: attitude R11 | B48: =COS(RADIANS($B$20))*COS(RADIANS($B$19)) -> 0.86599243 | D48: Rz(ψ)Ry(θ)Rx(φ) | E48: 0.86599 | F48: =IF(ABS(B48-E48)<=H48,"OK","CHECK") -> OK | H48: 6e-06
A49: Step 4: attitude R12 | B49: =COS(RADIANS($B$20))*SIN(RADIANS($B$19))*SIN(RADIANS($B$18))-SIN(RADIANS($B$20))*COS(RADIANS($B$18)) -> -0.50005574 | D49: Rz(ψ)Ry(θ)Rx(φ) | E49: -0.50006 | F49: =IF(ABS(B49-E49)<=H49,"OK","CHECK") -> OK | H49: 6e-06
A50: Step 4: attitude R13 | B50: =COS(RADIANS($B$20))*SIN(RADIANS($B$19))*COS(RADIANS($B$18))+SIN(RADIANS($B$20))*SIN(RADIANS($B$18)) -> 0.0011699528 | D50: Rz(ψ)Ry(θ)Rx(φ) | E50: 0.00117 | F50: =IF(ABS(B50-E50)<=H50,"OK","CHECK") -> OK | H50: 6e-06
A51: Step 4: attitude R21 | B51: =SIN(RADIANS($B$20))*COS(RADIANS($B$19)) -> 0.49998096 | D51: Rz(ψ)Ry(θ)Rx(φ) | E51: 0.49998 | F51: =IF(ABS(B51-E51)<=H51,"OK","CHECK") -> OK | H51: 6e-06
A52: Step 4: attitude R22 | B52: =SIN(RADIANS($B$20))*SIN(RADIANS($B$19))*SIN(RADIANS($B$18))+COS(RADIANS($B$20))*COS(RADIANS($B$18)) -> 0.86581735 | D52: Rz(ψ)Ry(θ)Rx(φ) | E52: 0.86582 | F52: =IF(ABS(B52-E52)<=H52,"OK","CHECK") -> OK | H52: 6e-06
A53: Step 4: attitude R23 | B53: =SIN(RADIANS($B$20))*SIN(RADIANS($B$19))*COS(RADIANS($B$18))-COS(RADIANS($B$20))*SIN(RADIANS($B$18)) -> -0.019476831 | D53: Rz(ψ)Ry(θ)Rx(φ) | E53: -0.01948 | F53: =IF(ABS(B53-E53)<=H53,"OK","CHECK") -> OK | H53: 6e-06
A54: Step 4: attitude R31 | B54: =-SIN(RADIANS($B$19)) -> 0.0087265355 | D54: Rz(ψ)Ry(θ)Rx(φ) | E54: 0.00873 | F54: =IF(ABS(B54-E54)<=H54,"OK","CHECK") -> OK | H54: 6e-06
A55: Step 4: attitude R32 | B55: =COS(RADIANS($B$19))*SIN(RADIANS($B$18)) -> 0.017451742 | D55: Rz(ψ)Ry(θ)Rx(φ) | E55: 0.01745 | F55: =IF(ABS(B55-E55)<=H55,"OK","CHECK") -> OK | H55: 6e-06
A56: Step 4: attitude R33 | B56: =COS(RADIANS($B$19))*COS(RADIANS($B$18)) -> 0.99980962 | D56: Rz(ψ)Ry(θ)Rx(φ) | E56: 0.99981 | F56: =IF(ABS(B56-E56)<=H56,"OK","CHECK") -> OK | H56: 6e-06
A57: Step 4: rotated to world, X | B57: =$B$48*$B$45+$B$49*$B$46+$B$50*$B$47 -> 19.237824 | C57: m | D57: R^W_B · r_B | E57: 19.2378 | F57: =IF(ABS(B57-E57)<=H57,"OK","CHECK") -> OK | G57: =B57/0.3048 -> 63.116222 | H57: 0.0002
A58: Step 4: rotated to world, Y | B58: =$B$51*$B$45+$B$52*$B$46+$B$53*$B$47 -> 16.105341 | C58: m | D58: R^W_B · r_B | E58: 16.1053 | F58: =IF(ABS(B58-E58)<=H58,"OK","CHECK") -> OK | G58: =B58/0.3048 -> 52.839044 | H58: 0.0002
A59: Step 4: rotated to world, Z | B59: =$B$54*$B$45+$B$55*$B$46+$B$56*$B$47 -> 1.2655709 | C59: m | D59: R^W_B · r_B | E59: 1.2656 | F59: =IF(ABS(B59-E59)<=H59,"OK","CHECK") -> OK | G59: =B59/0.3048 -> 4.1521355 | H59: 0.0002
A60: Step 5: world coordinate E | B60: =$B$15+$B$57 -> 1019.2378 | C60: m | D60: r_W = p_W + R r_B | E60: 1019.238 | F60: =IF(ABS(B60-E60)<=H60,"OK","CHECK") -> OK | G60: =B60/0.3048 -> 3343.9561 | H60: 0.0006
A61: Step 5: world coordinate N | B61: =$B$16+$B$58 -> 2016.1053 | C61: m | D61: r_W = p_W + R r_B | E61: 2016.105 | F61: =IF(ABS(B61-E61)<=H61,"OK","CHECK") -> OK | G61: =B61/0.3048 -> 6614.5188 | H61: 0.0006
A62: Step 5: world coordinate U | B62: =$B$17+$B$59 -> 11.265571 | C62: m | D62: r_W = p_W + R r_B | E62: 11.266 | F62: =IF(ABS(B62-E62)<=H62,"OK","CHECK") -> OK | G62: =B62/0.3048 -> 36.960534 | H62: 0.0006

Sheet M10 SLAM
A1: Module 10 — SLAM, Motion Models and the Kalman Filter: worked examples
A2: Blue = input (edit it) Black = formula Green = linked from another example/sheet Check = formula result vs. the value printed in the seminar book
A4: Step / quantity | B4: Value | C4: Unit | D4: Equation (as in the book) | E4: Book value | F4: Check vs. book | G4: US feet | H4: Tolerance | I4: Notes
A6: Worked example 10.1 — predicting the next pose
A7: Given: Pose (10.00, 5.00, 0°); wheel distances L = 0.40 m, R = 0.45 m; track w = 0.30 m.
A8: x | B8: 10 | C8: m | D8: input | G8: =B8/0.3048 -> 32.808399
A9: y | B9: 5 | C9: m | D9: input | G9: =B9/0.3048 -> 16.404199
A10: Heading θ | B10: 0 | C10: deg | D10: input
A11: Left wheel distance | B11: 0.4 | C11: m | D11: input | G11: =B11/0.3048 -> 1.312336
A12: Right wheel distance | B12: 0.45 | C12: m | D12: input | G12: =B12/0.3048 -> 1.476378
A13: Track width | B13: 0.3 | C13: m | D13: input | G13: =B13/0.3048 -> 0.98425197
A14: Turn angle α | B14: =($B$12-$B$11)/$B$13 -> 0.16666667 | C14: rad | D14: α = (R − L)/w | E14: 0.16667 | F14: =IF(ABS(B14-E14)<=H14,"OK","CHECK") -> OK | H14: 5e-06
A15: Turn angle (deg) | B15: =DEGREES($B$14) -> 9.5492966 | C15: deg | E15: 9.549 | F15: =IF(ABS(B15-E15)<=H15,"OK","CHECK") -> OK | H15: 0.0005
A16: Inner radius | B16: =$B$11/$B$14 -> 2.4 | C16: m | D16: r = L/α | E16: 2.4 | F16: =IF(ABS(B16-E16)<=H16,"OK","CHECK") -> OK | G16: =B16/0.3048 -> 7.8740157 | H16: 0.0005
A17: Center radius | B17: =$B$16+$B$13/2 -> 2.55 | C17: m | D17: r + w/2 | E17: 2.55 | F17: =IF(ABS(B17-E17)<=H17,"OK","CHECK") -> OK | G17: =B17/0.3048 -> 8.3661417 | H17: 0.0005
A18: x′ | B18: =$B$8+$B$17*(SIN(RADIANS($B$10)+$B$14)-SIN(RADIANS($B$10))) -> 10.423035 | C18: m | D18: x + rc(sin(θ+α) − sin θ) | E18: 10.423 | F18: =IF(ABS(B18-E18)<=H18,"OK","CHECK") -> OK | G18: =B18/0.3048 -> 34.19631 | H18: 0.0005
A19: y′ | B19: =$B$9-$B$17*(COS(RADIANS($B$10)+$B$14)-COS(RADIANS($B$10))) -> 5.0353348 | C19: m | D19: y − rc(cos(θ+α) − cos θ) | E19: 5.0353 | F19: =IF(ABS(B19-E19)<=H19,"OK","CHECK") -> OK | G19: =B19/0.3048 -> 16.520127 | H19: 6e-05
A20: θ′ | B20: =$B$10+$B$15 -> 9.5492966 | C20: deg | D20: θ + α | E20: 9.549 | F20: =IF(ABS(B20-E20)<=H20,"OK","CHECK") -> OK | H20: 0.0005
A22: Worked example 10.2 — 1-D Kalman update
A23: Given: Prediction 100.0 ± 0.50 m; measurement 100.4 ± 0.20 m.
A24: Predicted value | B24: 100 | C24: m | D24: input | G24: =B24/0.3048 -> 328.08399
A25: Predicted σ | B25: 0.5 | C25: m | D25: input | G25: =B25/0.3048 -> 1.6404199
A26: Measurement | B26: 100.4 | C26: m | D26: input | G26: =B26/0.3048 -> 329.39633
A27: Measurement σ | B27: 0.2 | C27: m | D27: input | G27: =B27/0.3048 -> 0.65616798
A28: Prediction variance | B28: =$B$25^2 -> 0.25 | C28: m² | D28: σ̄² | E28: 0.25 | F28: =IF(ABS(B28-E28)<=H28,"OK","CHECK") -> OK | G28: =B28/0.09290304 -> 2.6909776 | H28: 1e-09
A29: Measurement variance | B29: =$B$27^2 -> 0.04 | C29: m² | D29: σz² | E29: 0.04 | F29: =IF(ABS(B29-E29)<=H29,"OK","CHECK") -> OK | G29: =B29/0.09290304 -> 0.43055642 | H29: 1e-09
A30: Gain K | B30: =$B$28/($B$28+$B$29) -> 0.86206897 | D30: K = σ̄²/(σ̄² + σz²) | E30: 0.8621 | F30: =IF(ABS(B30-E30)<=H30,"OK","CHECK") -> OK | H30: 5e-05
A31: Updated value | B31: =$B$24+$B$30*($B$26-$B$24) -> 100.34483 | C31: m | D31: μ = μ̄ + K(z − μ̄) | E31: 100.345 | F31: =IF(ABS(B31-E31)<=H31,"OK","CHECK") -> OK | G31: =B31/0.3048 -> 329.21531 | H31: 0.0005
A32: Updated variance | B32: =(1-$B$30)*$B$28 -> 0.034482759 | C32: m² | D32: (1 − K)σ̄² | E32: 0.03448 | F32: =IF(ABS(B32-E32)<=H32,"OK","CHECK") -> OK | G32: =B32/0.09290304 -> 0.37116932 | H32: 5e-06
A33: Updated σ | B33: =SQRT($B$32) -> 0.18569534 | C33: m | E33: 0.186 | F33: =IF(ABS(B33-E33)<=H33,"OK","CHECK") -> OK | G33: =B33/0.3048 -> 0.60923667 | H33: 0.0005
A35: Worked example 10.3 — EKF prediction for our motion
A36: Given: Motion of Example 10.1; P = diag(0.01, 0.01, 0.001); Q = diag(0.002, 0.002, 0.0005).
A37: P11 | B37: 0.01 | D37: input
A38: P22 | B38: 0.01 | D38: input
A39: P33 | B39: 0.001 | D39: input
A40: Q11 | B40: 0.002 | D40: input
A41: Q22 | B41: 0.002 | D41: input
A42: Q33 | B42: 0.0005 | D42: input
A43: Jacobian G13 = ∂x′/∂θ | B43: =$B$17*(COS(RADIANS($B$10)+$B$14)-COS(RADIANS($B$10))) -> -0.03533476 | D43: rc(cos(θ+α) − cos θ) | E43: -0.0353 | F43: =IF(ABS(B43-E43)<=H43,"OK","CHECK") -> OK | H43: 5e-05
A44: Jacobian G23 = ∂y′/∂θ | B44: =$B$17*(SIN(RADIANS($B$10)+$B$14)-SIN(RADIANS($B$10))) -> 0.42303514 | D44: rc(sin(θ+α) − sin θ) | E44: 0.423 | F44: =IF(ABS(B44-E44)<=H44,"OK","CHECK") -> OK | H44: 5e-05
A45: (GPGᵀ)11 | B45: =$B$37+$B$43^2*$B$39 -> 0.010001249 | E45: 0.01 | F45: =IF(ABS(B45-E45)<=H45,"OK","CHECK") -> OK | H45: 6e-06
A46: (GPGᵀ)12 | B46: =$B$43*$B$44*$B$39 -> -1.4947845e-05 | E46: -1e-05 | F46: =IF(ABS(B46-E46)<=H46,"OK","CHECK") -> OK | H46: 6e-06
A47: (GPGᵀ)13 | B47: =$B$43*$B$39 -> -3.533476e-05 | E47: -4e-05 | F47: =IF(ABS(B47-E47)<=H47,"OK","CHECK") -> OK | H47: 6e-06
A48: (GPGᵀ)22 | B48: =$B$38+$B$44^2*$B$39 -> 0.010178959 | E48: 0.01018 | F48: =IF(ABS(B48-E48)<=H48,"OK","CHECK") -> OK | H48: 6e-06
A49: (GPGᵀ)23 | B49: =$B$44*$B$39 -> 0.00042303514 | E49: 0.00042 | F49: =IF(ABS(B49-E49)<=H49,"OK","CHECK") -> OK | H49: 6e-06
A50: P̄11 | B50: =$B$45+$B$40 -> 0.012001249 | D50: GPGᵀ + Q | E50: 0.012 | F50: =IF(ABS(B50-E50)<=H50,"OK","CHECK") -> OK | H50: 6e-06
A51: P̄12 | B51: =$B$46 -> -1.4947845e-05 | E51: -1e-05 | F51: =IF(ABS(B51-E51)<=H51,"OK","CHECK") -> OK | H51: 6e-06
A52: P̄13 | B52: =$B$47 -> -3.533476e-05 | E52: -4e-05 | F52: =IF(ABS(B52-E52)<=H52,"OK","CHECK") -> OK | H52: 6e-06
A53: P̄22 | B53: =$B$48+$B$41 -> 0.012178959 | E53: 0.01218 | F53: =IF(ABS(B53-E53)<=H53,"OK","CHECK") -> OK | H53: 6e-06
A54: P̄23 | B54: =$B$49 -> 0.00042303514 | E54: 0.00042 | F54: =IF(ABS(B54-E54)<=H54,"OK","CHECK") -> OK | H54: 6e-06
A55: P̄33 | B55: =$B$39+$B$42 -> 0.0015 | E55: 0.0015 | F55: =IF(ABS(B55-E55)<=H55,"OK","CHECK") -> OK | H55: 6e-06
A56: σx | B56: =SQRT($B$50)*100 -> 10.955021 | C56: cm | D56: √P̄11 | E56: 11 | F56: =IF(ABS(B56-E56)<=H56,"OK","CHECK") -> OK | G56: =B56/30.48 -> 0.3594167 | H56: 0.05
A57: σy | B57: =SQRT($B$53)*100 -> 11.035832 | C57: cm | D57: √P̄22 | E57: 11 | F57: =IF(ABS(B57-E57)<=H57,"OK","CHECK") -> OK | G57: =B57/30.48 -> 0.36206798 | H57: 0.05
A58: σθ | B58: =SQRT($B$55) -> 0.038729833 | C58: rad | D58: √P̄33 | E58: 0.0387 | F58: =IF(ABS(B58-E58)<=H58,"OK","CHECK") -> OK | H58: 5e-05
A59: σθ (deg) | B59: =DEGREES($B$58) -> 2.219056 | C59: deg | E59: 2.22 | F59: =IF(ABS(B59-E59)<=H59,"OK","CHECK") -> OK | H59: 0.005
A61: Worked example 10.4 — EKF correction with a pole at (25, 8)
A62: Given: Predicted pose and P̄ from 10.1 and 10.3. Measured r = 14.95 m, β = 2.10°; R = diag(0.05², (1°)²).
A63: Pole E | B63: 25 | C63: m | D63: input | G63: =B63/0.3048 -> 82.020997
A64: Pole N | B64: 8 | C64: m | D64: input | G64: =B64/0.3048 -> 26.246719
A65: Measured range | B65: 14.95 | C65: m | D65: input | G65: =B65/0.3048 -> 49.048556
A66: Measured bearing | B66: 2.1 | C66: deg | D66: input
A67: Range σ | B67: 0.05 | C67: m | D67: input | G67: =B67/0.3048 -> 0.16404199
A68: Bearing σ | B68: 1 | C68: deg | D68: input
A69: Δx | B69: =$B$63-$B$18 -> 14.576965 | C69: m | D69: Lx − x | E69: 14.577 | F69: =IF(ABS(B69-E69)<=H69,"OK","CHECK") -> OK | G69: =B69/0.3048 -> 47.824688 | H69: 0.0005
A70: Δy | B70: =$B$64-$B$19 -> 2.9646652 | C70: m | D70: Ly − y | E70: 2.965 | F70: =IF(ABS(B70-E70)<=H70,"OK","CHECK") -> OK | G70: =B70/0.3048 -> 9.726592 | H70: 0.0005
A71: q = Δx² + Δy² | B71: =$B$69^2+$B$70^2 -> 221.27714 | C71: m² | E71: 221.277 | F71: =IF(ABS(B71-E71)<=H71,"OK","CHECK") -> OK | G71: =B71/0.09290304 -> 2381.8074 | H71: 0.002
A72: Predicted range r̂ | B72: =SQRT($B$71) -> 14.875387 | C72: m | D72: √q | E72: 14.875 | F72: =IF(ABS(B72-E72)<=H72,"OK","CHECK") -> OK | G72: =B72/0.3048 -> 48.803764 | H72: 0.0005
A73: Predicted bearing β̂ | B73: =DEGREES(ATAN2($B$69,$B$70))-$B$20 -> 1.9467336 | C73: deg | D73: atan2(Δy, Δx) − θ | E73: 1.947 | F73: =IF(ABS(B73-E73)<=H73,"OK","CHECK") -> OK | H73: 0.0005
A74: Innovation δr | B74: =$B$65-$B$72 -> 0.074612793 | C74: m | D74: z − ẑ | E74: 0.075 | F74: =IF(ABS(B74-E74)<=H74,"OK","CHECK") -> OK | G74: =B74/0.3048 -> 0.24479263 | H74: 0.0005
A75: Innovation δβ | B75: =$B$66-$B$73 -> 0.15326641 | C75: deg | E75: 0.153 | F75: =IF(ABS(B75-E75)<=H75,"OK","CHECK") -> OK | H75: 0.0005
A76: Innovation δβ (rad) | B76: =RADIANS($B$75) -> 0.0026750035 | C76: rad | E76: 0.00267 | F76: =IF(ABS(B76-E76)<=H76,"OK","CHECK") -> OK | H76: 1e-05
A77: H11 | B77: =-$B$69/$B$72 -> -0.97993852 | D77: −Δx/r | E77: -0.9799 | F77: =IF(ABS(B77-E77)<=H77,"OK","CHECK") -> OK | H77: 5e-05
A78: H12 | B78: =-$B$70/$B$72 -> -0.19930004 | D78: −Δy/r | E78: -0.1993 | F78: =IF(ABS(B78-E78)<=H78,"OK","CHECK") -> OK | H78: 5e-05
A79: H21 | B79: =$B$70/$B$71 -> 0.013397973 | D79: Δy/q | E79: 0.0134 | F79: =IF(ABS(B79-E79)<=H79,"OK","CHECK") -> OK | H79: 5e-05
A80: H22 | B80: =-$B$69/$B$71 -> -0.065876505 | D80: −Δx/q | E80: -0.0659 | F80: =IF(ABS(B80-E80)<=H80,"OK","CHECK") -> OK | H80: 5e-05
A81: H23 | B81: =-1 -> -1 | E81: -1 | F81: =IF(ABS(B81-E81)<=H81,"OK","CHECK") -> OK | H81: 1e-09
A82: (P̄Hᵀ)11 | B82: =$B$50*$B$77+$B$51*$B$78+$B$52*0 -> -0.011757507
A83: (P̄Hᵀ)12 | B83: =$B$50*$B$79+$B$51*$B$80+$B$52*$B$81 -> 0.00019711188
A84: (P̄Hᵀ)21 | B84: =$B$51*$B$77+$B$53*$B$78+$B$54*0 -> -0.002412619
A85: (P̄Hᵀ)22 | B85: =$B$51*$B$79+$B$53*$B$80+$B$54*$B$81 -> -0.0012255426
A86: (P̄Hᵀ)31 | B86: =$B$52*$B$77+$B$54*$B$78+$B$55*0 -> -4.9685027e-05
A87: (P̄Hᵀ)32 | B87: =$B$52*$B$79+$B$54*$B$80+$B$55*$B$81 -> -0.0015283415
A88: S11 | B88: =$B$77*$B$82+$B$78*$B$84+$B$67^2 -> 0.014502469 | D88: H P̄ Hᵀ + R | E88: 0.0145 | F88: =IF(ABS(B88-E88)<=H88,"OK","CHECK") -> OK | H88: 6e-06
A89: S12 | B89: =$B$77*$B$83+$B$78*$B$85 -> 5.1093175e-05 | E89: 5e-05 | F89: =IF(ABS(B89-E89)<=H89,"OK","CHECK") -> OK | H89: 6e-06
A90: S22 | B90: =$B$79*$B$83+$B$80*$B$85+$B$81*$B$87+RADIANS($B$68)^2 -> 0.0019163343 | E90: 0.00192 | F90: =IF(ABS(B90-E90)<=H90,"OK","CHECK") -> OK | H90: 6e-06
A91: det S | B91: =$B$88*$B$90-$B$89^2 -> 2.7788967e-05
A92: S⁻¹ 11 | B92: =$B$90/$B$91 -> 68.960256
A93: S⁻¹ 12 | B93: =-$B$89/$B$91 -> -1.8386137
A94: S⁻¹ 22 | B94: =$B$88/$B$91 -> 521.87865
A95: K11 | B95: =$B$82*$B$92+$B$83*$B$93 -> -0.81116307 | D95: K = P̄Hᵀ S⁻¹ | E95: -0.811 | F95: =IF(ABS(B95-E95)<=H95,"OK","CHECK") -> OK | H95: 0.0006
A96: K12 | B96: =$B$82*$B$93+$B$83*$B$94 -> 0.12448599 | E96: 0.124 | F96: =IF(ABS(B96-E96)<=H96,"OK","CHECK") -> OK | H96: 0.0006
A97: K21 | B97: =$B$84*$B$92+$B$85*$B$93 -> -0.16412152 | D97: K = P̄Hᵀ S⁻¹ | E97: -0.164 | F97: =IF(ABS(B97-E97)<=H97,"OK","CHECK") -> OK | H97: 0.0006
A98: K22 | B98: =$B$84*$B$93+$B$85*$B$94 -> -0.63514866 | E98: -0.635 | F98: =IF(ABS(B98-E98)<=H98,"OK","CHECK") -> OK | H98: 0.0006
A99: K31 | B99: =$B$86*$B$92+$B$87*$B$93 -> -0.00061626262 | D99: K = P̄Hᵀ S⁻¹ | E99: -0.0006 | F99: =IF(ABS(B99-E99)<=H99,"OK","CHECK") -> OK | H99: 0.0002
A100: K32 | B100: =$B$86*$B$93+$B$87*$B$94 -> -0.79751744 | E100: -0.798 | F100: =IF(ABS(B100-E100)<=H100,"OK","CHECK") -> OK | H100: 0.0006
A101: Updated x | B101: =$B$18+$B$95*$B$74+$B$96*$B$76 -> 10.362845 | C101: m | D101: x̄ + K ν | E101: 10.363 | F101: =IF(ABS(B101-E101)<=H101,"OK","CHECK") -> OK | G101: =B101/0.3048 -> 33.998835 | H101: 0.0005
A102: Updated y | B102: =$B$19+$B$97*$B$74+$B$98*$B$76 -> 5.0213902 | C102: m | E102: 5.021 | F102: =IF(ABS(B102-E102)<=H102,"OK","CHECK") -> OK | G102: =B102/0.3048 -> 16.474377 | H102: 0.0005
A103: Updated θ | B103: =$B$20+DEGREES($B$99*$B$74+$B$100*$B$76) -> 9.4244294 | C103: deg | E103: 9.424 | F103: =IF(ABS(B103-E103)<=H103,"OK","CHECK") -> OK | H103: 0.0005
A104: Updated P11 | B104: =$B$50-($B$95*$B$82+$B$96*$B$83) -> 0.0024394557 | D104: P = (I − KH)P̄
A105: Updated P22 | B105: =$B$53-($B$97*$B$84+$B$98*$B$85) -> 0.011004594
...

Sheet M11 Scan Matching
A1: Module 11 — Scan Matching (ICP and LOAM features): worked examples
A2: Blue = input (edit it) Black = formula Green = linked from another example/sheet Check = formula result vs. the value printed in the seminar book
A4: Step / quantity | B4: Value | C4: Unit | D4: Equation (as in the book) | E4: Book value | F4: Check vs. book | G4: US feet | H4: Tolerance | I4: Notes
A6: Worked example 11.1 — best fit of four matched points (with continuation)
A7: Given: Source p = (0,0),(2,0),(2,1),(0,3); target q = (1.000,0.500),(2.970,0.847),(2.796,1.832),(0.479,3.454).
A8: p1 x | B8: 0 | C8: m | D8: input | G8: =B8/0.3048 -> 0
A9: p2 x | B9: 2 | C9: m | D9: input | G9: =B9/0.3048 -> 6.5616798
A10: p3 x | B10: 2 | C10: m | D10: input | G10: =B10/0.3048 -> 6.5616798
A11: p4 x | B11: 0 | C11: m | D11: input | G11: =B11/0.3048 -> 0
A12: p1 y | B12: 0 | C12: m | D12: input | G12: =B12/0.3048 -> 0
A13: p2 y | B13: 0 | C13: m | D13: input | G13: =B13/0.3048 -> 0
A14: p3 y | B14: 1 | C14: m | D14: input | G14: =B14/0.3048 -> 3.2808399
A15: p4 y | B15: 3 | C15: m | D15: input | G15: =B15/0.3048 -> 9.8425197
A16: q1 x | B16: 1 | C16: m | D16: input | G16: =B16/0.3048 -> 3.2808399
A17: q2 x | B17: 2.97 | C17: m | D17: input | G17: =B17/0.3048 -> 9.7440945
A18: q3 x | B18: 2.796 | C18: m | D18: input | G18: =B18/0.3048 -> 9.1732283
A19: q4 x | B19: 0.479 | C19: m | D19: input | G19: =B19/0.3048 -> 1.5715223
... A23: q4 y | B23: 3.454 | C23: m | D23: input | G23: =B23/0.3048 -> 11.332021
A24: Centroid p̄ x | B24: =AVERAGE($B$8:$B$11) -> 1 | C24: m | D24: mean | E24: 1 | F24: =IF(ABS(B24-E24)<=H24,"OK","CHECK") -> OK | G24: =B24/0.3048 -> 3.2808399 | H24: 1e-09
A25: Centroid p̄ y | B25: =AVERAGE($B$12:$B$15) -> 1 | C25: m | D25: mean | E25: 1 | F25: =IF(ABS(B25-E25)<=H25,"OK","CHECK") -> OK | G25: =B25/0.3048 -> 3.2808399 | H25: 1e-09
A26: Centroid q̄ x | B26: =AVERAGE($B$16:$B$19) -> 1.81125 | C26: m | D26: mean | E26: 1.811 | F26: =IF(ABS(B26-E26)<=H26,"OK","CHECK") -> OK | G26: =B26/0.3048 -> 5.9424213 | H26: 0.0005
A27: Centroid q̄ y | B27: =AVERAGE($B$20:$B$23) -> 1.65825 | C27: m | D27: mean | E27: 1.658 | F27: =IF(ABS(B27-E27)<=H27,"OK","CHECK") -> OK | G27: =B27/0.3048 -> 5.4404528 | H27: 0.0005
A28: W11 = Σ p′x q′x | B28: =SUMPRODUCT($B$8:$B$11-$B$24,$B$16:$B$19-$B$26) -> 4.287 | D28: W = Σ p′ q′ᵀ | E28: 4.287 | F28: =IF(ABS(B28-E28)<=H28,"OK","CHECK") -> OK | H28: 0.002
A29: W12 = Σ p′x q′y | B29: =SUMPRODUCT($B$8:$B$11-$B$24,$B$20:$B$23-$B$27) -> -1.275 | E29: -1.275 | F29: =IF(ABS(B29-E29)<=H29,"OK","CHECK") -> OK | H29: 0.002
A30: W21 = Σ p′y q′x | B30: =SUMPRODUCT($B$12:$B$15-$B$25,$B$16:$B$19-$B$26) -> -3.012 | E30: -3.012 | F30: =IF(ABS(B30-E30)<=H30,"OK","CHECK") -> OK | H30: 0.002
A31: W22 = Σ p′y q′y | B31: =SUMPRODUCT($B$12:$B$15-$B$25,$B$20:$B$23-$B$27) -> 5.561 | E31: 5.562 | F31: =IF(ABS(B31-E31)<=H31,"OK","CHECK") -> OK | H31: 0.002
A32: Σ(p′x q′y − p′y q′x) | B32: =$B$29-$B$30 -> 1.737 | E32: 1.736 | F32: =IF(ABS(B32-E32)<=H32,"OK","CHECK") -> OK | H32: 0.002
A33: Σ(p′x q′x + p′y q′y) | B33: =$B$28+$B$31 -> 9.848 | E33: 9.848 | F33: =IF(ABS(B33-E33)<=H33,"OK","CHECK") -> OK | H33: 0.002
A34: Rotation θ | B34: =DEGREES(ATAN2($B$33,$B$32)) -> 10.003001 | C34: deg | D34: atan2(num, den) [Excel: ATAN2(x, y)] | E34: 10 | F34: =IF(ABS(B34-E34)<=H34,"OK","CHECK") -> OK | H34: 0.01
A35: Translation tx | B35: =$B$26-(COS(RADIANS($B$34))*$B$24-SIN(RADIANS($B$34))*$B$25) -> 1.0001511 | C35: m | D35: t = q̄ − R p̄ | E35: 1 | F35: =IF(ABS(B35-E35)<=H35,"OK","CHECK") -> OK | G35: =B35/0.3048 -> 3.2813357 | H35: 0.001
A36: Translation ty | B36: =$B$27-(SIN(RADIANS($B$34))*$B$24+COS(RADIANS($B$34))*$B$25) -> 0.49975158 | C36: m | E36: 0.5 | F36: =IF(ABS(B36-E36)<=H36,"OK","CHECK") -> OK | G36: =B36/0.3048 -> 1.6396049 | H36: 0.001
A38: Worked example 11.2 — edge or plane?
A39: Given: Two neighbors each side (|S| = 4); center range underlined in the book.
A40: Flat wall range 1 | B40: 10 | C40: m | D40: input | G40: =B40/0.3048 -> 32.808399
A41: Flat wall range 2 | B41: 10.01 | C41: m | D41: input | G41: =B41/0.3048 -> 32.841207
A42: Flat wall range 3 (center) | B42: 10 | C42: m | D42: input | G42: =B42/0.3048 -> 32.808399
A43: Flat wall range 4 | B43: 9.99 | C43: m | D43: input | G43: =B43/0.3048 -> 32.775591
A44: Flat wall range 5 | B44: 10 | C44: m | D44: input | G44: =B44/0.3048 -> 32.808399
A45: Corner range 1 | B45: 10 | C45: m | D45: input | G45: =B45/0.3048 -> 32.808399
A46: Corner range 2 | B46: 10 | C46: m | D46: input | G46: =B46/0.3048 -> 32.808399
A47: Corner range 3 (center) | B47: 8 | C47: m | D47: input | G47: =B47/0.3048 -> 26.246719
A48: Corner range 4 | B48: 8 | C48: m | D48: input | G48: =B48/0.3048 -> 26.246719
A49: Corner range 5 | B49: 8 | C49: m | D49: input | G49: =B49/0.3048 -> 26.246719
A50: Smoothness c, flat wall | B50: =ABS($B$40+$B$41+$B$43+$B$44-4*$B$42)/(4*$B$42) -> 0 | D50: c = |Σ(rj − ri)|/(|S|·ri) | E50: 0 | F50: =IF(ABS(B50-E50)<=H50,"OK","CHECK") -> OK | H50: 1e-06
A51: Smoothness c, corner | B51: =ABS($B$45+$B$46+$B$48+$B$49-4*$B$47)/(4*$B$47) -> 0.125 | E51: 0.125 | F51: =IF(ABS(B51-E51)<=H51,"OK","CHECK") -> OK | H51: 1e-06
A52: Classification: c > 0.1 → edge, c < 0.1 → plane (LOAM default).
A54: Worked example 11.3 — edge and plane distances
A55: Given: Edge a=(0,0,0), b=(2,0,0), p=(1,0.6,0.8). Plane u=(0,0,0), v=(1,0,0), w=(0,1,0), p=(0.3,0.4,0.12).
A56: Edge a x | B56: 0 | C56: m | D56: input | G56: =B56/0.3048 -> 0
A57: Edge a y | B57: 0 | C57: m | D57: input | G57: =B57/0.3048 -> 0
A58: Edge a z | B58: 0 | C58: m | D58: input | G58: =B58/0.3048 -> 0
A59: Edge b x | B59: 2 | C59: m | D59: input | G59: =B59/0.3048 -> 6.5616798
A60: Edge b y | B60: 0 | C60: m | D60: input | G60: =B60/0.3048 -> 0
A61: Edge b z | B61: 0 | C61: m | D61: input | G61: =B61/0.3048 -> 0
A62: Edge p x | B62: 1 | C62: m | D62: input | G62: =B62/0.3048 -> 3.2808399
A63: Edge p y | B63: 0.6 | C63: m | D63: input | G63: =B63/0.3048 -> 1.9685039
A64: Edge p z | B64: 0.8 | C64: m | D64: input | G64: =B64/0.3048 -> 2.6246719
A65: (p−a)×(p−b) x | B65: =($B$63-$B$57)*($B$64-$B$61)-($B$64-$B$58)*($B$63-$B$60) -> 0 | D65: cross product | E65: 0 | F65: =IF(ABS(B65-E65)<=H65,"OK","CHECK") -> OK | H65: 1e-09
A66: (p−a)×(p−b) y | B66: =($B$64-$B$58)*($B$62-$B$59)-($B$62-$B$56)*($B$64-$B$61) -> -1.6 | E66: -1.6 | F66: =IF(ABS(B66-E66)<=H66,"OK","CHECK") -> OK | H66: 1e-09
A67: (p−a)×(p−b) z | B67: =($B$62-$B$56)*($B$63-$B$60)-($B$63-$B$57)*($B$62-$B$59) -> 1.2 | E67: 1.2 | F67: =IF(ABS(B67-E67)<=H67,"OK","CHECK") -> OK | H67: 1e-09
A68: Edge distance d_e | B68: =SQRT($B$65^2+$B$66^2+$B$67^2)/SQRT(($B$56-$B$59)^2+($B$57-$B$60)^2+($B$58-$B$61)^2) -> 1 | C68: m | D68: |(p−a)×(p−b)|/|a−b| | E68: 1 | F68: =IF(ABS(B68-E68)<=H68,"OK","CHECK") -> OK | G68: =B68/0.3048 -> 3.2808399 | H68: 1e-09
A69: Plane u x | B69: 0 | C69: m | D69: input | G69: =B69/0.3048 -> 0
A70: Plane u y | B70: 0 | C70: m | D70: input | G70: =B70/0.3048 -> 0
A71: Plane u z | B71: 0 | C71: m | D71: input | G71: =B71/0.3048 -> 0
A72: Plane v x | B72: 1 | C72: m | D72: input | G72: =B72/0.3048 -> 3.2808399
A73: Plane v y | B73: 0 | C73: m | D73: input | G73: =B73/0.3048 -> 0
A74: Plane v z | B74: 0 | C74: m | D74: input | G74: =B74/0.3048 -> 0
A75: Plane w x | B75: 0 | C75: m | D75: input | G75: =B75/0.3048 -> 0
A76: Plane w y | B76: 1 | C76: m | D76: input | G76: =B76/0.3048 -> 3.2808399
A77: Plane w z | B77: 0 | C77: m | D77: input | G77: =B77/0.3048 -> 0
A78: Plane p x | B78: 0.3 | C78: m | D78: input | G78: =B78/0.3048 -> 0.98425197
A79: Plane p y | B79: 0.4 | C79: m | D79: input | G79: =B79/0.3048 -> 1.312336
A80: Plane p z | B80: 0.12 | C80: m | D80: input | G80: =B80/0.3048 -> 0.39370079
A81: Normal x | B81: =($B$70-$B$73)*($B$71-$B$77)-($B$71-$B$74)*($B$70-$B$76) -> 0 | D81: (u−v)×(u−w) | E81: 0 | F81: =IF(ABS(B81-E81)<=H81,"OK","CHECK") -> OK | H81: 1e-09
A82: Normal y | B82: =($B$71-$B$74)*($B$69-$B$75)-($B$69-$B$72)*($B$71-$B$77) -> 0 | E82: 0 | F82: =IF(ABS(B82-E82)<=H82,"OK","CHECK") -> OK | H82: 1e-09
A83: Normal z | B83: =($B$69-$B$72)*($B$70-$B$76)-($B$70-$B$73)*($B$69-$B$75) -> 1 | E83: 1 | F83: =IF(ABS(B83-E83)<=H83,"OK","CHECK") -> OK | H83: 1e-09
A84: Plane distance d_p | B84: =ABS(($B$78-$B$69)*$B$81+($B$79-$B$70)*$B$82+($B$80-$B$71)*$B$83)/SQRT($B$81^2+$B$82^2+$B$83^2) -> 0.12 | C84: m | D84: |(p−u)·n|/|n| | E84: 0.12 | F84: =IF(ABS(B84-E84)<=H84,"OK","CHECK") -> OK | G84: =B84/0.3048 -> 0.39370079 | H84: 1e-09

Sheet M12 Factor Graphs
A1: Module 12 — Factor Graphs and Trajectories: worked examples
A2: Blue = input (edit it) Black = formula Green = linked from another example/sheet Check = formula result vs. the value printed in the seminar book
A4: Step / quantity | B4: Value | C4: Unit | D4: Equation (as in the book) | E4: Book value | F4: Check vs. book | G4: US feet | H4: Tolerance | I4: Notes
A6: Worked example 12.1 — 1-D pose graph with a GPS misclosure
A7: Given: x0 = 0 fixed; odometry 1.0, 1.1, 0.9 m; GPS x3 = 3.2 m; equal weights.
A8: Odometry x1−x0 | B8: 1 | C8: m | D8: input | G8: =B8/0.3048 -> 3.2808399
A9: Odometry x2−x1 | B9: 1.1 | C9: m | D9: input | G9: =B9/0.3048 -> 3.6089239
A10: Odometry x3−x2 | B10: 0.9 | C10: m | D10: input | G10: =B10/0.3048 -> 2.9527559
A11: GPS x3 | B11: 3.2 | C11: m | D11: input | G11: =B11/0.3048 -> 10.498688
A12: AᵀB row 1 | B12: =$B$8-$B$9 -> -0.1 | C12: m | E12: -0.1 | F12: =IF(ABS(B12-E12)<=H12,"OK","CHECK") -> OK | G12: =B12/0.3048 -> -0.32808399 | H12: 1e-09
A13: AᵀB row 2 | B13: =$B$9-$B$10 -> 0.2 | C13: m | E13: 0.2 | F13: =IF(ABS(B13-E13)<=H13,"OK","CHECK") -> OK | G13: =B13/0.3048 -> 0.65616798 | H13: 1e-09
A14: AᵀB row 3 | B14: =$B$10+$B$11 -> 4.1 | C14: m | E14: 4.1 | F14: =IF(ABS(B14-E14)<=H14,"OK","CHECK") -> OK | G14: =B14/0.3048 -> 13.451444 | H14: 1e-09
A15: x1 | B15: =(3*$B$12+2*$B$13+$B$14)/4 -> 1.05 | C15: m | D15: x = (AᵀA)⁻¹Aᵀb, (AᵀA)⁻¹ = ¼[[3,2,1],[2,4,2],[1,2,3]] | E15: 1.05 | F15: =IF(ABS(B15-E15)<=H15,"OK","CHECK") -> OK | G15: =B15/0.3048 -> 3.4448819 | H15: 1e-06
A16: x2 | B16: =(2*$B$12+4*$B$13+2*$B$14)/4 -> 2.2 | C16: m | E16: 2.2 | F16: =IF(ABS(B16-E16)<=H16,"OK","CHECK") -> OK | G16: =B16/0.3048 -> 7.2178478 | H16: 1e-06
A17: x3 | B17: =($B$12+2*$B$13+3*$B$14)/4 -> 3.15 | C17: m | E17: 3.15 | F17: =IF(ABS(B17-E17)<=H17,"OK","CHECK") -> OK | G17: =B17/0.3048 -> 10.334646 | H17: 1e-06
A18: Residual odometry 1 | B18: =$B$15-$B$8 -> 0.05 | C18: m | E18: 0.05 | F18: =IF(ABS(B18-E18)<=H18,"OK","CHECK") -> OK | G18: =B18/0.3048 -> 0.16404199 | H18: 1e-06
A19: Residual odometry 2 | B19: =$B$16-$B$15-$B$9 -> 0.05 | C19: m | E19: 0.05 | F19: =IF(ABS(B19-E19)<=H19,"OK","CHECK") -> OK | G19: =B19/0.3048 -> 0.16404199 | H19: 1e-06
A20: Residual odometry 3 | B20: =$B$17-$B$16-$B$10 -> 0.05 | C20: m | E20: 0.05 | F20: =IF(ABS(B20-E20)<=H20,"OK","CHECK") -> OK | G20: =B20/0.3048 -> 0.16404199 | H20: 1e-06
A21: Residual GPS | B21: =$B$17-$B$11 -> -0.05 | C21: m | E21: -0.05 | F21: =IF(ABS(B21-E21)<=H21,"OK","CHECK") -> OK | G21: =B21/0.3048 -> -0.16404199 | H21: 1e-06
A22: Misclosure | B22: =ABS($B$8+$B$9+$B$10-$B$11) -> 0.2 | C22: m | D22: |Σodometry − GPS| | E22: 0.2 | F22: =IF(ABS(B22-E22)<=H22,"OK","CHECK") -> OK | G22: =B22/0.3048 -> 0.65616798 | H22: 1e-06
A24: Worked example 12.2 — giving a camera image its pose
A25: Given: Poses at 10.00 s and 10.10 s; photo at 10.04 s.
A26: t1 | B26: 10 | C26: s | D26: input
A27: E1 | B27: 100 | C27: m | D27: input | G27: =B27/0.3048 -> 328.08399
A28: N1 | B28: 200 | C28: m | D28: input | G28: =B28/0.3048 -> 656.16798
A29: Heading 1 | B29: 30 | C29: deg | D29: input
A30: t2 | B30: 10.1 | C30: s | D30: input
A31: E2 | B31: 101.5 | C31: m | D31: input | G31: =B31/0.3048 -> 333.00525
A32: N2 | B32: 200.1 | C32: m | D32: input | G32: =B32/0.3048 -> 656.49606
A33: Heading 2 | B33: 31 | C33: deg | D33: input
A34: Exposure time | B34: 10.04 | C34: s | D34: input
A35: Fraction | B35: =($B$34-$B$26)/($B$30-$B$26) -> 0.4 | D35: f = (t − t1)/(t2 − t1) | E35: 0.4 | F35: =IF(ABS(B35-E35)<=H35,"OK","CHECK") -> OK | H35: 1e-06
A36: Image E | B36: =$B$27+$B$35*($B$31-$B$27) -> 100.6 | C36: m | D36: E1 + f(E2 − E1) | E36: 100.6 | F36: =IF(ABS(B36-E36)<=H36,"OK","CHECK") -> OK | G36: =B36/0.3048 -> 330.05249 | H36: 0.005
A37: Image N | B37: =$B$28+$B$35*($B$32-$B$28) -> 200.04 | C37: m | E37: 200.04 | F37: =IF(ABS(B37-E37)<=H37,"OK","CHECK") -> OK | G37: =B37/0.3048 -> 656.29921 | H37: 0.005
A38: Image heading | B38: =$B$29+$B$35*($B$33-$B$29) -> 30.4 | C38: deg | E38: 30.4 | F38: =IF(ABS(B38-E38)<=H38,"OK","CHECK") -> OK | H38: 0.005
A40: Worked example 12.3 — why the camera needs calibration and timing too
A41: Given: Boresight 0.1° at 20 m; timing error 5 ms at 10 m/s.
A42: Boresight error | B42: 0.1 | C42: deg | D42: input
A43: Range | B43: 20 | C43: m | D43: input | G43: =B43/0.3048 -> 65.616798
A44: Timing error | B44: 0.005 | C44: s | D44: input
A45: Speed | B45: 10 | C45: m/s | D45: input | G45: =B45/0.3048 -> 32.808399
A46: Color offset from boresight | B46: =$B$43*RADIANS($B$42) -> 0.034906585 | C46: m | D46: ρ·δα | E46: 0.035 | F46: =IF(ABS(B46-E46)<=H46,"OK","CHECK") -> OK | G46: =B46/0.3048 -> 0.11452292 | H46: 0.0005
A47: Color smear from timing | B47: =$B$45*$B$44 -> 0.05 | C47: m | D47: v·δt | E47: 0.05 | F47: =IF(ABS(B47-E47)<=H47,"OK","CHECK") -> OK | G47: =B47/0.3048 -> 0.16404199 | H47: 1e-06

Sheet M13 Accuracy
A1: Module 13 — Control, Checkpoints and ASPRS Accuracy: worked examples
A2: Blue = input (edit it) Black = formula Green = linked from another example/sheet Check = formula result vs. the value printed in the seminar book
A4: Step / quantity | B4: Value | C4: Unit | D4: Equation (as in the book) | E4: Book value | F4: Check vs. book | G4: US feet | H4: Tolerance | I4: Notes
A6: Worked example 13.1 — vertical accuracy from ten checkpoints
A7: Given: Δz (cm) = +2.1, −3.4, +1.2, +4.5, −0.8, +2.7, −1.9, +3.1, +0.4, −2.6; checkpoints RMSE 1.0 cm.
A8: Δz 1 | B8: 2.1 | C8: cm | D8: input | G8: =B8/30.48 -> 0.068897638
A9: Δz 2 | B9: -3.4 | C9: cm | D9: input | G9: =B9/30.48 -> -0.11154856
A10: Δz 3 | B10: 1.2 | C10: cm | D10: input | G10: =B10/30.48 -> 0.039370079
A11: Δz 4 | B11: 4.5 | C11: cm | D11: input | G11: =B11/30.48 -> 0.1476378
A12: Δz 5 | B12: -0.8 | C12: cm | D12: input | G12: =B12/30.48 -> -0.026246719
A13: Δz 6 | B13: 2.7 | C13: cm | D13: input | G13: =B13/30.48 -> 0.088582677
A14: Δz 7 | B14: -1.9 | C14: cm | D14: input | G14: =B14/30.48 -> -0.062335958
A15: Δz 8 | B15: 3.1 | C15: cm | D15: input | G15: =B15/30.48 -> 0.10170604
A16: Δz 9 | B16: 0.4 | C16: cm | D16: input | G16: =B16/30.48 -> 0.01312336
A17: Δz 10 | B17: -2.6 | C17: cm | D17: input | G17: =B17/30.48 -> -0.085301837
A18: Checkpoint survey RMSE | B18: 1 | C18: cm | D18: input | G18: =B18/30.48 -> 0.032808399
A19: Sum | B19: =SUM($B$8:$B$17) -> 5.3 | C19: cm | D19: Σ Δz | E19: 5.3 | F19: =IF(ABS(B19-E19)<=H19,"OK","CHECK") -> OK | G19: =B19/30.48 -> 0.17388451 | H19: 1e-06
A20: Mean (bias) | B20: =AVERAGE($B$8:$B$17) -> 0.53 | C20: cm | D20: Σ Δz / n | E20: 0.53 | F20: =IF(ABS(B20-E20)<=H20,"OK","CHECK") -> OK | G20: =B20/30.48 -> 0.017388451 | H20: 1e-06
A21: Sum of squares | B21: =SUMSQ($B$8:$B$17) -> 65.73 | C21: cm² | D21: Σ Δz² | E21: 65.73 | F21: =IF(ABS(B21-E21)<=H21,"OK","CHECK") -> OK | H21: 1e-06
A22: RMSE_z (data) | B22: =SQRT($B$21/COUNT($B$8:$B$17)) -> 2.5637863 | C22: cm | D22: √(ΣΔz²/n) | E22: 2.56 | F22: =IF(ABS(B22-E22)<=H22,"OK","CHECK") -> OK | G22: =B22/30.48 -> 0.084113723 | H22: 0.005
A23: Standard deviation | B23: =STDEV($B$8:$B$17) -> 2.6440919 | C23: cm | E23: 2.64 | F23: =IF(ABS(B23-E23)<=H23,"OK","CHECK") -> OK | G23: =B23/30.48 -> 0.086748423 | H23: 0.005
A24: RMSE_z incl. checkpoint error | B24: =SQRT($B$22^2+$B$18^2) -> 2.7519084 | C24: cm | D24: √(RMSE² + RMSEck²) | E24: 2.75 | F24: =IF(ABS(B24-E24)<=H24,"OK","CHECK") -> OK | G24: =B24/30.48 -> 0.09028571 | H24: 0.005
A26: Worked example 13.2 — horizontal accuracy
A27: Given: RMSEx = 2.25 cm, RMSEy = 2.16 cm.
A28: RMSE x | B28: 2.25 | C28: cm | D28: input | G28: =B28/30.48 -> 0.073818898
A29: RMSE y | B29: 2.16 | C29: cm | D29: input | G29: =B29/30.48 -> 0.070866142
A30: RMSE_H (radial) | B30: =SQRT($B$28^2+$B$29^2) -> 3.1189902 | C30: cm | D30: √(RMSEx² + RMSEy²) | E30: 3.12 | F30: =IF(ABS(B30-E30)<=H30,"OK","CHECK") -> OK | G30: =B30/30.48 -> 0.10232908 | H30: 0.005

Sheet M14 Error Budgets
A1: Module 14 — Error Propagation and Error Budgets: worked examples
A2: Blue = input (edit it) Black = formula Green = linked from another example/sheet Check = formula result vs. the value printed in the seminar book
A4: Step / quantity | B4: Value | C4: Unit | D4: Equation (as in the book) | E4: Book value | F4: Check vs. book | G4: US feet | H4: Tolerance | I4: Notes
A6: Worked example 14.1 — height of a ground point seen by a scanner
A7: Given: Scanner 2.00 m above a flat road, point 20.00 m away; σρ = 0.35 cm; σV = 0.01°; z = ρ sin V.
A8: Scanner height | B8: 2 | C8: m | D8: input | G8: =B8/0.3048 -> 6.5616798
A9: Horizontal distance | B9: 20 | C9: m | D9: input | G9: =B9/0.3048 -> 65.616798
A10: Range precision σρ | B10: 0.35 | C10: cm | D10: input | G10: =B10/30.48 -> 0.01148294
A11: Vertical angle σV | B11: 0.01 | C11: deg | D11: input
A12: Range ρ | B12: =SQRT($B$9^2+$B$8^2) -> 20.099751 | C12: m | D12: √(d² + h²) | E12: 20.1 | F12: =IF(ABS(B12-E12)<=H12,"OK","CHECK") -> OK | G12: =B12/0.3048 -> 65.944066 | H12: 0.0005
A13: Vertical angle V | B13: =-DEGREES(ATAN($B$8/$B$9)) -> -5.7105931 | C13: deg | D13: −atan(h/d) | E13: -5.711 | F13: =IF(ABS(B13-E13)<=H13,"OK","CHECK") -> OK | H13: 0.0005
A14: sin V = ∂z/∂ρ | B14: =SIN(RADIANS($B$13)) -> -0.099503719 | E14: -0.0995 | F14: =IF(ABS(B14-E14)<=H14,"OK","CHECK") -> OK | H14: 5e-06
A15: cos V | B15: =COS(RADIANS($B$13)) -> 0.99503719 | E15: 0.99504 | F15: =IF(ABS(B15-E15)<=H15,"OK","CHECK") -> OK | H15: 5e-06
A16: ∂z/∂V = ρ cos V | B16: =$B$12*$B$15 -> 20 | C16: m/rad | E16: 20 | F16: =IF(ABS(B16-E16)<=H16,"OK","CHECK") -> OK | H16: 0.0005
A17: σV in radians | B17: =RADIANS($B$11) -> 0.00017453293 | C17: rad | E17: 0.0001745 | F17: =IF(ABS(B17-E17)<=H17,"OK","CHECK") -> OK | H17: 1e-07
A18: Range contribution | B18: =ABS($B$14)*$B$10 -> 0.034826302 | C18: cm | D18: |sin V|·σρ | E18: 0.035 | F18: =IF(ABS(B18-E18)<=H18,"OK","CHECK") -> OK | G18: =B18/30.48 -> 0.0011425952 | H18: 0.0005
A19: Angle contribution | B19: =$B$16*$B$17*100 -> 0.34906585 | C19: cm | D19: ρ cos V·σV | E19: 0.349 | F19: =IF(ABS(B19-E19)<=H19,"OK","CHECK") -> OK | G19: =B19/30.48 -> 0.011452292 | H19: 0.0005
A20: σz | B20: =SQRT($B$18^2+$B$19^2) -> 0.35079886 | C20: cm | D20: √(range² + angle²) | E20: 0.351 | F20: =IF(ABS(B20-E20)<=H20,"OK","CHECK") -> OK | G20: =B20/30.48 -> 0.011509149 | H20: 0.0005
A22: Worked example 14.2 — curb height from one sensor — correlation helps
A23: Given: σ = 0.25 cm random each; common range bias 1.25 cm (r = 1); h = z1 − z2.
A24: Random σ per point | B24: 0.25 | C24: cm | D24: input | G24: =B24/30.48 -> 0.0082020997
A25: Common bias | B25: 1.25 | C25: cm | D25: input | G25: =B25/30.48 -> 0.041010499
A26: Bias correlation | B26: 1 | D26: input
A27: Coefficient a1 | B27: 1 | D27: input
A28: Coefficient a2 | B28: -1 | D28: input
A29: Random variance of h | B29: =$B$27^2*$B$24^2+$B$28^2*$B$24^2 -> 0.125 | C29: cm² | D29: Σ ai² σi² | E29: 0.125 | F29: =IF(ABS(B29-E29)<=H29,"OK","CHECK") -> OK | H29: 1e-06
A30: Bias variance of h | B30: =$B$27^2*$B$25^2+$B$28^2*$B$25^2+2*$B$27*$B$28*$B$26*$B$25*$B$25 -> 0 | C30: cm² | D30: Σ ai²bi² + 2 a1 a2 r b1 b2 | E30: 0 | F30: =IF(ABS(B30-E30)<=H30,"OK","CHECK") -> OK | H30: 1e-09
A31: σh total | B31: =SQRT($B$29+$B$30) -> 0.35355339 | C31: cm | E31: 0.35 | F31: =IF(ABS(B31-E31)<=H31,"OK","CHECK") -> OK | G31: =B31/30.48 -> 0.011599521 | H31: 0.005
A32: Absolute height σ (each point) | B32: =SQRT($B$24^2+$B$25^2) -> 1.2747549 | C32: cm | D32: √(σ² + b²) | E32: 1.3 | F32: =IF(ABS(B32-E32)<=H32,"OK","CHECK") -> OK | G32: =B32/30.48 -> 0.041822667 | H32: 0.05
A34: Worked example 14.3 — the error ellipsoid of one laser point
A35: Given: ρ = 30.00 m, H = 30°, V = −3.823°; σρ = 10 mm; σH = σV = 0.01°.
A36: Range ρ | B36: 30 | C36: m | D36: input | G36: =B36/0.3048 -> 98.425197
A37: H | B37: 30 | C37: deg | D37: input
A38: V | B38: -3.823 | C38: deg | D38: input
A39: σρ | B39: 10 | C39: mm | D39: input | G39: =B39/304.8 -> 0.032808399
A40: σH | B40: 0.01 | C40: deg | D40: input
A41: σV | B41: 0.01 | C41: deg | D41: input
A42: Point x | B42: =$B$36*COS(RADIANS($B$38))*COS(RADIANS($B$37)) -> 25.922949 | C42: m | D42: ρ cos V cos H | E42: 25.923 | F42: =IF(ABS(B42-E42)<=H42,"OK","CHECK") -> OK | G42: =B42/0.3048 -> 85.049046 | H42: 0.0005
A43: Point y | B43: =$B$36*COS(RADIANS($B$38))*SIN(RADIANS($B$37)) -> 14.966622 | C43: m | D43: ρ cos V sin H | E43: 14.967 | F43: =IF(ABS(B43-E43)<=H43,"OK","CHECK") -> OK | G43: =B43/0.3048 -> 49.10309 | H43: 0.0005
A44: Point z | B44: =$B$36*SIN(RADIANS($B$38)) -> -2.0002331 | C44: m | D44: ρ sin V | E44: -2 | F44: =IF(ABS(B44-E44)<=H44,"OK","CHECK") -> OK | G44: =B44/0.3048 -> -6.5624447 | H44: 0.0005
A45: Jacobian J11 | B45: =COS(RADIANS($B$38))*COS(RADIANS($B$37)) -> 0.86409831 | D45: ∂(x,y,z)/∂(ρ,H,V) | E45: 0.8641 | F45: =IF(ABS(B45-E45)<=H45,"OK","CHECK") -> OK | H45: 0.0005
A46: Jacobian J12 | B46: =-$B$36*COS(RADIANS($B$38))*SIN(RADIANS($B$37)) -> -14.966622 | D46: ∂(x,y,z)/∂(ρ,H,V) | E46: -14.967 | F46: =IF(ABS(B46-E46)<=H46,"OK","CHECK") -> OK | H46: 0.0005
A47: Jacobian J13 | B47: =-$B$36*SIN(RADIANS($B$38))*COS(RADIANS($B$37)) -> 1.7322527 | D47: ∂(x,y,z)/∂(ρ,H,V) | E47: 1.732 | F47: =IF(ABS(B47-E47)<=H47,"OK","CHECK") -> OK | H47: 0.0005
A48: Jacobian J21 | B48: =COS(RADIANS($B$38))*SIN(RADIANS($B$37)) -> 0.49888739 | D48: ∂(x,y,z)/∂(ρ,H,V) | E48: 0.4989 | F48: =IF(ABS(B48-E48)<=H48,"OK","CHECK") -> OK | H48: 0.0005
A49: Jacobian J22 | B49: =$B$36*COS(RADIANS($B$38))*COS(RADIANS($B$37)) -> 25.922949 | D49: ∂(x,y,z)/∂(ρ,H,V) | E49: 25.923 | F49: =IF(ABS(B49-E49)<=H49,"OK","CHECK") -> OK | H49: 0.0005
A50: Jacobian J23 | B50: =-$B$36*SIN(RADIANS($B$38))*SIN(RADIANS($B$37)) -> 1.0001166 | D50: ∂(x,y,z)/∂(ρ,H,V) | E50: 1 | F50: =IF(ABS(B50-E50)<=H50,"OK","CHECK") -> OK | H50: 0.0005
A51: Jacobian J31 | B51: =SIN(RADIANS($B$38)) -> -0.066674438 | D51: ∂(x,y,z)/∂(ρ,H,V) | E51: -0.0667 | F51: =IF(ABS(B51-E51)<=H51,"OK","CHECK") -> OK | H51: 0.0005
A52: Jacobian J32 | B52: =0 -> 0 | D52: ∂(x,y,z)/∂(ρ,H,V) | E52: 0 | F52: =IF(ABS(B52-E52)<=H52,"OK","CHECK") -> OK | H52: 0.0005
A53: Jacobian J33 | B53: =$B$36*COS(RADIANS($B$38)) -> 29.933244 | D53: ∂(x,y,z)/∂(ρ,H,V) | E53: 29.933 | F53: =IF(ABS(B53-E53)<=H53,"OK","CHECK") -> OK | H53: 0.0005
A54: σρ² | B54: =$B$39^2 -> 100 | C54: mm² | E54: 100 | F54: =IF(ABS(B54-E54)<=H54,"OK","CHECK") -> OK | H54: 1e-09
A55: (σH in mm/m)² | B55: =(RADIANS($B$40)*1000)^2 -> 0.030461742 | C55: mm²/m² | D55: σH rad × 1000
A56: (σV in mm/m)² | B56: =(RADIANS($B$41)*1000)^2 -> 0.030461742 | C56: mm²/m²
A57: Σy 11 | B57: =$B$45*$B$45*$B$54+$B$46*$B$46*$B$55+$B$47*$B$47*$B$56 -> 81.581419 | C57: mm² | D57: J Σx Jᵀ | E57: 81.58 | F57: =IF(ABS(B57-E57)<=H57,"OK","CHECK") -> OK | H57: 0.02
A58: Σy 12 | B58: =$B$45*$B$48*$B$54+$B$46*$B$49*$B$55+$B$47*$B$50*$B$56 -> 31.343033 | C58: mm² | D58: J Σx Jᵀ | E58: 31.34 | F58: =IF(ABS(B58-E58)<=H58,"OK","CHECK") -> OK | H58: 0.02
A59: Σy 13 | B59: =$B$45*$B$51*$B$54+$B$46*$B$52*$B$55+$B$47*$B$53*$B$56 -> -4.1818264 | C59: mm² | D59: J Σx Jᵀ | E59: -4.18 | F59: =IF(ABS(B59-E59)<=H59,"OK","CHECK") -> OK | H59: 0.02
A60: Σy 22 | B60: =$B$48*$B$48*$B$54+$B$49*$B$49*$B$55+$B$50*$B$50*$B$56 -> 45.389601 | C60: mm² | D60: J Σx Jᵀ | E60: 45.39 | F60: =IF(ABS(B60-E60)<=H60,"OK","CHECK") -> OK | H60: 0.02
A61: Σy 23 | B61: =$B$48*$B$51*$B$54+$B$49*$B$52*$B$55+$B$50*$B$53*$B$56 -> -2.4143786 | C61: mm² | D61: J Σx Jᵀ | E61: -2.41 | F61: =IF(ABS(B61-E61)<=H61,"OK","CHECK") -> OK | H61: 0.02
A62: Σy 33 | B62: =$B$51*$B$51*$B$54+$B$52*$B$52*$B$55+$B$53*$B$53*$B$56 -> 27.73824 | C62: mm² | D62: J Σx Jᵀ | E62: 27.74 | F62: =IF(ABS(B62-E62)<=H62,"OK","CHECK") -> OK | H62: 0.02
A63: σx | B63: =SQRT($B$57) -> 9.0322433 | C63: mm | E63: 9 | F63: =IF(ABS(B63-E63)<=H63,"OK","CHECK") -> OK | G63: =B63/304.8 -> 0.029633344 | H63: 0.05
A64: σy | B64: =SQRT($B$60) -> 6.7371805 | C64: mm | E64: 6.7 | F64: =IF(ABS(B64-E64)<=H64,"OK","CHECK") -> OK | G64: =B64/304.8 -> 0.022103611 | H64: 0.05
A65: σz | B65: =SQRT($B$62) -> 5.2667106 | C65: mm | E65: 5.3 | F65: =IF(ABS(B65-E65)<=H65,"OK","CHECK") -> OK | G65: =B65/304.8 -> 0.017279234 | H65: 0.05
A66: Along-beam σ (major axis) | B66: =SQRT($B$45^2*$B$57+$B$48^2*$B$60+$B$51^2*$B$62+2*$B$45*$B$48*$B$58+2*$B$45*$B$51*$B$59+2*$B$48*$B$51*$B$61) -> 10 | C66: mm | D66: √(uᵀΣu), u = beam direction | E66: 10 | F66: =IF(ABS(B66-E66)<=H66,"OK","CHECK") -> OK | G66: =B66/304.8 -> 0.032808399 | H66: 0.05
A67: Across-beam σ (horizontal) | B67: =$B$36*COS(RADIANS($B$38))*RADIANS($B$40)*1000 -> 5.2243366 | C67: mm | D67: ρ cos V σH | E67: 5.2 | F67: =IF(ABS(B67-E67)<=H67,"OK","CHECK") -> OK | G67: =B67/304.8 -> 0.017140212 | H67: 0.05
A68: Across-beam σ (vertical) | B68: =$B$36*RADIANS($B$41)*1000 -> 5.2359878 | C68: mm | D68: ρ σV | E68: 5.2 | F68: =IF(ABS(B68-E68)<=H68,"OK","CHECK") -> OK | G68: =B68/304.8 -> 0.017178438 | H68: 0.05
A70: Worked example 14.4 — full error budget of a backpack point at 20 m
A71: Given: 1σ inputs as listed; point on a wall 20 m to the side at sensor height.
A72: Trajectory E | B72: 1.5 | C72: cm | D72: input | G72: =B72/30.48 -> 0.049212598
A73: Trajectory N | B73: 1.5 | C73: cm | D73: input | G73: =B73/30.48 -> 0.049212598
A74: Trajectory U | B74: 2 | C74: cm | D74: input | G74: =B74/30.48 -> 0.065616798
A75: Roll / pitch | B75: 0.02 | C75: deg | D75: input
A76: Yaw | B76: 0.05 | C76: deg | D76: input
A77: Boresight per axis | B77: 0.01 | C77: deg | D77: input
A78: Lever arm per axis | B78: 0.2 | C78: cm | D78: input | G78: =B78/30.48 -> 0.0065616798
A79: Range accuracy | B79: 1.25 | C79: cm | D79: input | G79: =B79/30.48 -> 0.041010499
A80: Range precision | B80: 0.4 | C80: cm | D80: input | G80: =B80/30.48 -> 0.01312336
A81: Angle encoders | B81: 0.01 | C81: deg | D81: input
A82: Range | B82: 20 | C82: m | D82: input | G82: =B82/0.3048 -> 65.616798
A83: Position, horizontal | B83: =SQRT($B$72^2+$B$73^2) -> 2.1213203 | C83: cm | D83: √(σE² + σN²) | E83: 2.12 | F83: =IF(ABS(B83-E83)<=H83,"OK","CHECK") -> OK | G83: =B83/30.48 -> 0.069597124 | H83: 0.005
A84: Yaw → horizontal | B84: =$B$82*RADIANS($B$76)*100 -> 1.7453293 | C84: cm | D84: ρ·δψ | E84: 1.75 | F84: =IF(ABS(B84-E84)<=H84,"OK","CHECK") -> OK | G84: =B84/30.48 -> 0.057261458 | H84: 0.005
A85: Roll → vertical | B85: =$B$82*RADIANS($B$75)*100 -> 0.6981317 | C85: cm | D85: ρ·δφ | E85: 0.7 | F85: =IF(ABS(B85-E85)<=H85,"OK","CHECK") -> OK | G85: =B85/30.48 -> 0.022904583 | H85: 0.005
A86: Boresight (each of H and V) | B86: =$B$82*RADIANS($B$77)*100 -> 0.34906585 | C86: cm | D86: ρ·δb | E86: 0.35 | F86: =IF(ABS(B86-E86)<=H86,"OK","CHECK") -> OK | G86: =B86/30.48 -> 0.011452292 | H86: 0.005
A87: Lever arm, horizontal | B87: =$B$78*SQRT(2) -> 0.28284271 | C87: cm | D87: √2 × 0.2 | E87: 0.28 | F87: =IF(ABS(B87-E87)<=H87,"OK","CHECK") -> OK | G87: =B87/30.48 -> 0.0092796166 | H87: 0.005
A88: Range total | B88: =SQRT($B$79^2+$B$80^2) -> 1.3124405 | C88: cm | D88: √(acc² + prec²) | E88: 1.31 | F88: =IF(ABS(B88-E88)<=H88,"OK","CHECK") -> OK | G88: =B88/30.48 -> 0.043059071 | H88: 0.005
A89: Encoders (each of H and V) | B89: =$B$82*RADIANS($B$81)*100 -> 0.34906585 | C89: cm | D89: ρ·δenc | E89: 0.35 | F89: =IF(ABS(B89-E89)<=H89,"OK","CHECK") -> OK | G89: =B89/30.48 -> 0.011452292 | H89: 0.005
A90: Sum of squares, horizontal | B90: =$B$83^2+$B$84^2+$B$86^2+$B$87^2+$B$88^2+$B$89^2 -> 9.5923681 | C90: cm² | E90: 9.6 | F90: =IF(ABS(B90-E90)<=H90,"OK","CHECK") -> OK | H90: 0.02
A91: Horizontal RSS | B91: =SQRT($B$90) -> 3.0971548 | C91: cm | D91: √Σ | E91: 3.1 | F91: =IF(ABS(B91-E91)<=H91,"OK","CHECK") -> OK | G91: =B91/30.48 -> 0.10161269 | H91: 0.005
A92: Sum of squares, vertical | B92: =$B$74^2+$B$85^2+$B$86^2+$B$78^2+$B$89^2 -> 4.7710818 | C92: cm² | E92: 4.78 | F92: =IF(ABS(B92-E92)<=H92,"OK","CHECK") -> OK | H92: 0.02
A93: Vertical RSS | B93: =SQRT($B$92) -> 2.1842806 | C93: cm | D93: √Σ | E93: 2.18 | F93: =IF(ABS(B93-E93)<=H93,"OK","CHECK") -> OK | G93: =B93/30.48 -> 0.07166275 | H93: 0.005
A95: Worked example 14.5 — Monte Carlo check of the 20 m budget
A96: Given: The 'MC 20 m' sheet draws 2,000 random sets of every input (NORMINV(RAND())) and takes the standard deviation. The book used 100,000 draws through the full rotation equations; with 2,000 draws expect ±0.05 cm scatter each time Excel recalculates (F9).
A97: Monte Carlo horizontal σ | B97: ='MC 20 m'!$B$4 -> 3.1160196 | C97: cm | D97: STDEV of 2,000 draws | E97: 3.09 | F97: =IF(ABS(B97-E97)<=H97,"OK","CHECK") -> OK | G97: =B97/30.48 -> 0.10223161 | H97: 0.15
A98: Monte Carlo vertical σ | B98: ='MC 20 m'!$B$5 -> 2.2121763 | C98: cm | E98: 2.18 | F98: =IF(ABS(B98-E98)<=H98,"OK","CHECK") -> OK | G98: =B98/30.48 -> 0.072577964 | H98: 0.12
A99: Linear method horizontal (Example 14.4) | B99: =$B$91 -> 3.0971548 | C99: cm | E99: 3.1 | F99: =IF(ABS(B99-E99)<=H99,"OK","CHECK") -> OK | G99: =B99/30.48 -> 0.10161269 | H99: 0.005
A101: Worked example 14.6 — fitting a plane to a target
A102: Given: 400 returns, σ = 0.25 cm each, bias 1.25 cm.
A103: σ per return | B103: 0.25 | C103: cm | D103: input | G103: =B103/30.48 -> 0.0082020997
A104: Returns | B104: 400 | D104: input
A105: Bias | B105: 1.25 | C105: cm | D105: input | G105: =B105/30.48 -> 0.041010499
A106: Random part of the mean | B106: =$B$103/SQRT($B$104) -> 0.0125 | C106: cm | D106: σ/√n | E106: 0.0125 | F106: =IF(ABS(B106-E106)<=H106,"OK","CHECK") -> OK | G106: =B106/30.48 -> 0.00041010499 | H106: 1e-06
A107: Total | B107: =SQRT($B$105^2+$B$106^2) -> 1.2500625 | C107: cm | D107: √(b² + (σ/√n)²) | E107: 1.2501 | F107: =IF(ABS(B107-E107)<=H107,"OK","CHECK") -> OK | G107: =B107/30.48 -> 0.041012549 | H107: 5e-05
...

Sheet M15 Ouster OS0
A1: Module 15 — Ouster OS0 Case Study: worked examples
A2: Blue = input (edit it) Black = formula Green = linked from another example/sheet Check = formula result vs. the value printed in the seminar book
A4: Step / quantity | B4: Value | C4: Unit | D4: Equation (as in the book) | E4: Book value | F4: Check vs. book | G4: US feet | H4: Tolerance | I4: Notes
A6: Worked example 15.1 — spacing on a building face
A7: Given: OS0-128, 1024 @ 10 Hz; wall 20 m away.
A8: Columns | B8: 1024 | D8: input
A9: Channels | B9: 128 | D9: input
A10: Vertical FOV | B10: 90 | C10: deg | D10: input
A11: Range | B11: 20 | C11: m | D11: input | G11: =B11/0.3048 -> 65.616798
A12: Horizontal step | B12: =360/$B$8 -> 0.3515625 | C12: deg | D12: 360°/Ncol | E12: 0.3516 | F12: =IF(ABS(B12-E12)<=H12,"OK","CHECK") -> OK | H12: 5e-05
A13: Horizontal step (rad) | B13: =RADIANS($B$12) -> 0.0061359232 | C13: rad | E13: 0.006136 | F13: =IF(ABS(B13-E13)<=H13,"OK","CHECK") -> OK | H13: 5e-07
A14: Horizontal spacing | B14: =$B$11*$B$13 -> 0.12271846 | C14: m | D14: ρΔθ | E14: 0.123 | F14: =IF(ABS(B14-E14)<=H14,"OK","CHECK") -> OK | G14: =B14/0.3048 -> 0.40261963 | H14: 0.0005
A15: Vertical step | B15: =$B$10/($B$9-1) -> 0.70866142 | C15: deg | D15: FOV/(Nch − 1) | E15: 0.7087 | F15: =IF(ABS(B15-E15)<=H15,"OK","CHECK") -> OK | H15: 5e-05
A16: Vertical step (rad) | B16: =RADIANS($B$15) -> 0.012368475 | C16: rad | E16: 0.01237 | F16: =IF(ABS(B16-E16)<=H16,"OK","CHECK") -> OK | H16: 5e-06
A17: Vertical spacing | B17: =$B$11*$B$16 -> 0.2473695 | C17: m | E17: 0.247 | F17: =IF(ABS(B17-E17)<=H17,"OK","CHECK") -> OK | G17: =B17/0.3048 -> 0.81157973 | H17: 0.0005
A19: Worked example 15.2 — does 4096 mode make the map sharper?
A20: Given: Exit 5 mm, divergence 0.35°, range 20 m.
A21: Exit diameter | B21: 0.005 | C21: m | D21: input | G21: =B21/0.3048 -> 0.016404199
A22: Divergence | B22: 0.35 | C22: deg | D22: input
A23: Range | B23: 20 | C23: m | D23: input | G23: =B23/0.3048 -> 65.616798
A24: Spot at range | B24: =$B$21+$B$23*RADIANS($B$22) -> 0.12717305 | C24: m | D24: d0 + ρ·γ | E24: 0.127 | F24: =IF(ABS(B24-E24)<=H24,"OK","CHECK") -> OK | G24: =B24/0.3048 -> 0.41723441 | H24: 0.0005
A25: 1024-mode spacing | B25: =$B$23*RADIANS(360/1024) -> 0.12271846 | C25: m | E25: 0.123 | F25: =IF(ABS(B25-E25)<=H25,"OK","CHECK") -> OK | G25: =B25/0.3048 -> 0.40261963 | H25: 0.0005
A26: 4096-mode spacing | B26: =$B$23*RADIANS(360/4096) -> 0.030679616 | C26: m | E26: 0.031 | F26: =IF(ABS(B26-E26)<=H26,"OK","CHECK") -> OK | G26: =B26/0.3048 -> 0.10065491 | H26: 0.0005
A27: Samples per spot (4096) | B27: =$B$24/$B$26 -> 4.1451969 | E27: 4 | F27: =IF(ABS(B27-E27)<=H27,"OK","CHECK") -> OK | H27: 0.2
A28: Edge location ± half spot | B28: =$B$24/2 -> 0.063586524 | C28: m | E28: 0.06 | F28: =IF(ABS(B28-E28)<=H28,"OK","CHECK") -> OK | G28: =B28/0.3048 -> 0.2086172 | H28: 0.005
A30: Worked example 15.3 — does the data profile matter?
A31: Given: Quantization σ = q/√12.
A32: Standard profile step | B32: 0.1 | C32: cm | D32: input | G32: =B32/30.48 -> 0.0032808399
A33: Low Data Rate step | B33: 0.8 | C33: cm | D33: input | G33: =B33/30.48 -> 0.026246719
A34: Best precision | B34: 0.25 | C34: cm | D34: input | G34: =B34/30.48 -> 0.0082020997
A35: σq standard | B35: =$B$32/SQRT(12) -> 0.028867513 | C35: cm | D35: q/√12 | E35: 0.029 | F35: =IF(ABS(B35-E35)<=H35,"OK","CHECK") -> OK | G35: =B35/30.48 -> 0.0009470969 | H35: 0.0005
A36: σq low data rate | B36: =$B$33/SQRT(12) -> 0.23094011 | C36: cm | E36: 0.23 | F36: =IF(ABS(B36-E36)<=H36,"OK","CHECK") -> OK | G36: =B36/30.48 -> 0.0075767752 | H36: 0.005
A37: Combined at short range | B37: =SQRT($B$34^2+$B$36^2) -> 0.34034296 | C37: cm | E37: 0.34 | F37: =IF(ABS(B37-E37)<=H37,"OK","CHECK") -> OK | G37: =B37/30.48 -> 0.011166108 | H37: 0.005
A38: Noise increase | B38: =$B$37/$B$34-1 -> 0.36137186 | E38: 0.36 | F38: =IF(ABS(B38-E38)<=H38,"OK","CHECK") -> OK | H38: 0.005
A40: Worked example 15.4 — total range error on dark asphalt
A41: Given: Range accuracy 1.25 cm combined with precision at each range.
A42: Range accuracy (bias) | B42: 1.25 | C42: cm | D42: input | G42: =B42/30.48 -> 0.041010499
A43: Quantization σ | B43: 0.03 | C43: cm | D43: input | G43: =B43/30.48 -> 0.00098425197
A44: Precision at 10 m (10% target) | B44: 0.25 | C44: cm | D44: input | G44: =B44/30.48 -> 0.0082020997
A45: Total at 10 m | B45: =SQRT($B$42^2+$B$44^2+$B$43^2) -> 1.2751078 | C45: cm | D45: √(acc² + prec²) | E45: 1.27 | F45: =IF(ABS(B45-E45)<=H45,"OK","CHECK") -> OK | G45: =B45/30.48 -> 0.041834247 | H45: 0.006 | I45: Unrounded 1.275 cm; book shows 1.27
A46: Precision at 20 m (10% target) | B46: 0.4 | C46: cm | D46: input | G46: =B46/30.48 -> 0.01312336
A47: Total at 20 m | B47: =SQRT($B$42^2+$B$46^2) -> 1.3124405 | C47: cm | D47: √(acc² + prec²) | E47: 1.31 | F47: =IF(ABS(B47-E47)<=H47,"OK","CHECK") -> OK | G47: =B47/30.48 -> 0.043059071 | H47: 0.005
A48: Precision at 30 m (10% target) | B48: 1 | C48: cm | D48: input | G48: =B48/30.48 -> 0.032808399
A49: Total at 30 m | B49: =SQRT($B$42^2+$B$48^2) -> 1.6007811 | C49: cm | D49: √(acc² + prec²) | E49: 1.6 | F49: =IF(ABS(B49-E49)<=H49,"OK","CHECK") -> OK | G49: =B49/30.48 -> 0.052519064 | H49: 0.005
A50: Precision at 35 m (10% target) | B50: 1.5 | C50: cm | D50: input | G50: =B50/30.48 -> 0.049212598
A51: Total at 35 m | B51: =SQRT($B$42^2+$B$50^2) -> 1.9525624 | C51: cm | D51: √(acc² + prec²) | E51: 1.95 | F51: =IF(ABS(B51-E51)<=H51,"OK","CHECK") -> OK | G51: =B51/30.48 -> 0.064060447 | H51: 0.005
A53: Worked example 15.5 — the ±0.01° encoder spec
A54: Encoder accuracy | B54: 0.01 | C54: deg | D54: input
A55: In radians | B55: =RADIANS($B$54) -> 0.00017453293 | C55: rad | E55: 0.0001745 | F55: =IF(ABS(B55-E55)<=H55,"OK","CHECK") -> OK | H55: 1e-07
A56: Across-beam at 10 m | B56: =10*$B$55*100 -> 0.17453293 | C56: cm | D56: ρ·δθ | E56: 0.17 | F56: =IF(ABS(B56-E56)<=H56,"OK","CHECK") -> OK | G56: =B56/30.48 -> 0.0057261458 | H56: 0.005
A57: Across-beam at 20 m | B57: =20*$B$55*100 -> 0.34906585 | C57: cm | D57: ρ·δθ | E57: 0.35 | F57: =IF(ABS(B57-E57)<=H57,"OK","CHECK") -> OK | G57: =B57/30.48 -> 0.011452292 | H57: 0.005
A58: Across-beam at 35 m | B58: =35*$B$55*100 -> 0.61086524 | C58: cm | D58: ρ·δθ | E58: 0.61 | F58: =IF(ABS(B58-E58)<=H58,"OK","CHECK") -> OK | G58: =B58/30.48 -> 0.02004151 | H58: 0.005
A60: Worked example 15.6 — why the OS0 must be synchronized
A61: Given: Synced < 1 ms; internal clock drift < 20 ppm.
A62: Sync error | B62: 0.001 | C62: s | D62: input
A63: Walking speed | B63: 1.5 | C63: m/s | D63: input | G63: =B63/0.3048 -> 4.9212598
A64: Driving speed | B64: 15 | C64: m/s | D64: input | G64: =B64/0.3048 -> 49.212598
A65: Turn rate | B65: 90 | C65: deg/s | D65: input
A66: Range | B66: 20 | C66: m | D66: input | G66: =B66/0.3048 -> 65.616798
A67: Clock drift | B67: 20 | C67: ppm | D67: input
A68: Free-running time | B68: 600 | C68: s | D68: input
A69: Walking | B69: =$B$63*$B$62*100 -> 0.15 | C69: cm | D69: v·δt | E69: 0.15 | F69: =IF(ABS(B69-E69)<=H69,"OK","CHECK") -> OK | G69: =B69/30.48 -> 0.0049212598 | H69: 0.005
A70: Driving | B70: =$B$64*$B$62*100 -> 1.5 | C70: cm | E70: 1.5 | F70: =IF(ABS(B70-E70)<=H70,"OK","CHECK") -> OK | G70: =B70/30.48 -> 0.049212598 | H70: 0.005
A71: Rotation during δt | B71: =RADIANS($B$65*$B$62) -> 0.0015707963 | C71: rad | E71: 0.00157 | F71: =IF(ABS(B71-E71)<=H71,"OK","CHECK") -> OK | H71: 5e-06
A72: Turning, point at range | B72: =$B$66*$B$71*100 -> 3.1415927 | C72: cm | D72: ρ·ω·δt | E72: 3.1 | F72: =IF(ABS(B72-E72)<=H72,"OK","CHECK") -> OK | G72: =B72/30.48 -> 0.10307063 | H72: 0.05
A73: Free-running offset | B73: =$B$68*$B$67*0.000001 -> 0.012 | C73: s | E73: 0.012 | F73: =IF(ABS(B73-E73)<=H73,"OK","CHECK") -> OK | H73: 1e-06
A74: Free-running error at driving speed | B74: =$B$73*$B$64 -> 0.18 | C74: m | E74: 0.18 | F74: =IF(ABS(B74-E74)<=H74,"OK","CHECK") -> OK | G74: =B74/0.3048 -> 0.59055118 | H74: 0.005
A76: Worked example 15.7 — scan skew inside one rotation
A77: Given: 1024 @ 10 Hz.
A78: Rotation rate | B78: 10 | C78: Hz | D78: input
A79: Columns | B79: 1024 | D79: input
A80: Walking speed | B80: 1.4 | C80: m/s | D80: input | G80: =B80/0.3048 -> 4.5931759
A81: Turn rate | B81: 60 | C81: deg/s | D81: input
A82: Range | B82: 20 | C82: m | D82: input | G82: =B82/0.3048 -> 65.616798
A83: Time per rotation | B83: =1/$B$78 -> 0.1 | C83: s | E83: 0.1 | F83: =IF(ABS(B83-E83)<=H83,"OK","CHECK") -> OK | H83: 1e-09
A84: Time per column | B84: =$B$83/$B$79*1000000 -> 97.65625 | C84: µs | E84: 97.7 | F84: =IF(ABS(B84-E84)<=H84,"OK","CHECK") -> OK | H84: 0.05
A85: Motion in one sweep | B85: =$B$80*$B$83 -> 0.14 | C85: m | E85: 0.14 | F85: =IF(ABS(B85-E85)<=H85,"OK","CHECK") -> OK | G85: =B85/0.3048 -> 0.45931759 | H85: 1e-06
A86: Rotation in one sweep | B86: =$B$81*$B$83 -> 6 | C86: deg | E86: 6 | F86: =IF(ABS(B86-E86)<=H86,"OK","CHECK") -> OK | H86: 1e-09
A87: Smear at range if not de-skewed | B87: =$B$82*RADIANS($B$86) -> 2.0943951 | C87: m | E87: 2.1 | F87: =IF(ABS(B87-E87)<=H87,"OK","CHECK") -> OK | G87: =B87/0.3048 -> 6.871375 | H87: 0.05
A89: Worked example 15.8 — interior as-built of a mechanical room
A90: Given: 5 cm spacing on walls up to 15 m; 2 cm accuracy; walking survey.
A91: Required spacing | B91: 0.05 | C91: m | D91: input | G91: =B91/0.3048 -> 0.16404199
A92: Maximum range | B92: 15 | C92: m | D92: input | G92: =B92/0.3048 -> 49.212598
A93: Close-up range | B93: 5 | C93: m | D93: input | G93: =B93/0.3048 -> 16.404199
A94: Indoor SLAM trajectory | B94: 1 | C94: cm | D94: input | G94: =B94/30.48 -> 0.032808399
A95: Heading | B95: 0.03 | C95: deg | D95: input
A96: Range accuracy | B96: 1.25 | C96: cm | D96: input | G96: =B96/30.48 -> 0.041010499
A97: Precision (bright wall) | B97: 0.25 | C97: cm | D97: input | G97: =B97/30.48 -> 0.0082020997
A98: Encoder | B98: 0.01 | C98: deg | D98: input
A99: Data volume at 1024 mode | B99: 133 | C99: GB/h | D99: input
A100: Needed step | B100: =$B$91/$B$92 -> 0.0033333333 | C100: rad | D100: Δθ = s/ρ | E100: 0.00333 | F100: =IF(ABS(B100-E100)<=H100,"OK","CHECK") -> OK | H100: 5e-06
A101: Needed step (deg) | B101: =DEGREES($B$100) -> 0.19098593 | C101: deg | E101: 0.19 | F101: =IF(ABS(B101-E101)<=H101,"OK","CHECK") -> OK | H101: 0.005
A102: Columns needed (≥) | B102: =360/$B$101 -> 1884.9556 | C102: cols | D102: → choose 2048 (0.176°)
A103: Spot at maximum range | B103: =0.005+$B$92*RADIANS(0.35) -> 0.096629786 | C103: m | E103: 0.097 | F103: =IF(ABS(B103-E103)<=H103,"OK","CHECK") -> OK | G103: =B103/0.3048 -> 0.31702686 | H103: 0.0005
A104: Spot at close-up range | B104: =0.005+$B$93*RADIANS(0.35) -> 0.035543262 | C104: m | E104: 0.036 | F104: =IF(ABS(B104-E104)<=H104,"OK","CHECK") -> OK | G104: =B104/0.3048 -> 0.11661175 | H104: 0.0005
A105: Range error | B105: =SQRT($B$96^2+$B$97^2) -> 1.2747549 | C105: cm | E105: 1.27 | F105: =IF(ABS(B105-E105)<=H105,"OK","CHECK") -> OK | G105: =B105/30.48 -> 0.041822667 | H105: 0.006
A106: Heading term | B106: =$B$92*RADIANS($B$95)*100 -> 0.78539816 | C106: cm | E106: 0.79 | F106: =IF(ABS(B106-E106)<=H106,"OK","CHECK") -> OK | G106: =B106/30.48 -> 0.025767656 | H106: 0.005
A107: Encoder term (each axis) | B107: =$B$92*RADIANS($B$98)*100 -> 0.26179939 | C107: cm | E107: 0.26 | F107: =IF(ABS(B107-E107)<=H107,"OK","CHECK") -> OK | G107: =B107/30.48 -> 0.0085892188 | H107: 0.005
A108: Budget total | B108: =SQRT($B$94^2+$B$106^2+$B$105^2+2*$B$107^2) -> 1.8381861 | C108: cm | E108: 1.8 | F108: =IF(ABS(B108-E108)<=H108,"OK","CHECK") -> OK | G108: =B108/30.48 -> 0.060307943 | H108: 0.05
A109: Points per second, 2048 @ 10 Hz × 128 | B109: =2048*128*10 -> 2621440 | C109: pts/s | E109: 2600000 | F109: =IF(ABS(B109-E109)<=H109,"OK","CHECK") -> OK | H109: 50000
...

Sheet M16 GX5-GQ7
A1: Module 16 — MicroStrain 3DM-GX5 / GQ7 Case Study: worked examples
A2: Blue = input (edit it) Black = formula Green = linked from another example/sheet Check = formula result vs. the value printed in the seminar book
A4: Step / quantity | B4: Value | C4: Unit | D4: Equation (as in the book) | E4: Book value | F4: Check vs. book | G4: US feet | H4: Tolerance | I4: Notes
A6: Worked example 16.1 — the GX5's random walks
A7: Given: Gyro noise density 0.005 °/s/√Hz; accel noise density 25 µg/√Hz; one 70 s lap.
A8: Gyro noise density | B8: 0.005 | C8: °/s/√Hz | D8: input
A9: Accel noise density | B9: 25 | C9: µg/√Hz | D9: input
A10: Lap time | B10: 70 | C10: s | D10: input
A11: Gravity | B11: 9.81 | C11: m/s² | D11: input
A12: Angle random walk | B12: =$B$8*60 -> 0.3 | C12: °/√h | D12: ARW = 60 N | E12: 0.3 | F12: =IF(ABS(B12-E12)<=H12,"OK","CHECK") -> OK | H12: 0.005
A13: Heading wander after one lap | B13: =$B$12*SQRT($B$10/3600) -> 0.041833001 | C13: deg | D13: ARW √t | E13: 0.042 | F13: =IF(ABS(B13-E13)<=H13,"OK","CHECK") -> OK | H13: 0.0005
A14: Velocity random walk | B14: =$B$9*0.000001*$B$11 -> 0.00024525 | C14: m/s/√s | E14: 0.000245 | F14: =IF(ABS(B14-E14)<=H14,"OK","CHECK") -> OK | H14: 1e-06
A15: Velocity wander after one lap | B15: =$B$14*SQRT($B$10) -> 0.0020519087 | C15: m/s | D15: VRW √t | E15: 0.0021 | F15: =IF(ABS(B15-E15)<=H15,"OK","CHECK") -> OK | G15: =B15/0.3048 -> 0.006731984 | H15: 5e-05
A17: Worked example 16.2 — Block Loop Run 1 — a traverse that closes perfectly and is still wrong
A18: Given: Rectangle A(1000,1000) → B → C → D → A; legs 200, 150, 200, 150 m at 090°, 180°, 270°, 000°. AHRS heading +0.8° on every leg; odometer 0.2% long.
A19: A easting | B19: 1000 | C19: m | D19: input | G19: =B19/0.3048 -> 3280.8399
A20: A northing | B20: 1000 | C20: m | D20: input | G20: =B20/0.3048 -> 3280.8399
A21: Heading error (every leg) | B21: 0.8 | C21: deg | D21: input
A22: Odometer scale error | B22: 0.002 | D22: input
A23: Leg 1 true length | B23: 200 | C23: m | D23: input | G23: =B23/0.3048 -> 656.16798
A24: Leg 1 true azimuth | B24: 90 | C24: deg | D24: input
A25: Leg 2 true length | B25: 150 | C25: m | D25: input | G25: =B25/0.3048 -> 492.12598
A26: Leg 2 true azimuth | B26: 180 | C26: deg | D26: input
A27: Leg 3 true length | B27: 200 | C27: m | D27: input | G27: =B27/0.3048 -> 656.16798
A28: Leg 3 true azimuth | B28: 270 | C28: deg | D28: input
A29: Leg 4 true length | B29: 150 | C29: m | D29: input | G29: =B29/0.3048 -> 492.12598
A30: Leg 4 true azimuth | B30: 0 | C30: deg | D30: input
A31: Leg 1 ΔE | B31: =$B$23*(1+$B$22)*SIN(RADIANS($B$24+$B$21)) -> 200.38047 | C31: m | D31: L(1+s) sin(α+δ) | E31: 200.38 | F31: =IF(ABS(B31-E31)<=H31,"OK","CHECK") -> OK | G31: =B31/0.3048 -> 657.41623 | H31: 0.0005
A32: Leg 1 ΔN | B32: =$B$23*(1+$B$22)*COS(RADIANS($B$24+$B$21)) -> -2.7980209 | C32: m | D32: L(1+s) cos(α+δ) | E32: -2.798 | F32: =IF(ABS(B32-E32)<=H32,"OK","CHECK") -> OK | G32: =B32/0.3048 -> -9.1798587 | H32: 0.0005
A33: B′ easting | B33: =$B$19+$B$31 -> 1200.3805 | C33: m | E33: 1200.38 | F33: =IF(ABS(B33-E33)<=H33,"OK","CHECK") -> OK | G33: =B33/0.3048 -> 3938.2561 | H33: 0.0005
A34: B′ northing | B34: =$B$20+$B$32 -> 997.20198 | C34: m | E34: 997.202 | F34: =IF(ABS(B34-E34)<=H34,"OK","CHECK") -> OK | G34: =B34/0.3048 -> 3271.66 | H34: 0.0005
A35: Leg 2 ΔE | B35: =$B$25*(1+$B$22)*SIN(RADIANS($B$26+$B$21)) -> -2.0985157 | C35: m | D35: L(1+s) sin(α+δ) | G35: =B35/0.3048 -> -6.884894
A36: Leg 2 ΔN | B36: =$B$25*(1+$B$22)*COS(RADIANS($B$26+$B$21)) -> -150.28535 | C36: m | D36: L(1+s) cos(α+δ) | G36: =B36/0.3048 -> -493.06217
A37: C′ easting | B37: =$B$33+$B$35 -> 1198.282 | C37: m | G37: =B37/0.3048 -> 3931.3712
A38: C′ northing | B38: =$B$34+$B$36 -> 846.91663 | C38: m | G38: =B38/0.3048 -> 2778.5979
A39: Leg 3 ΔE | B39: =$B$27*(1+$B$22)*SIN(RADIANS($B$28+$B$21)) -> -200.38047 | C39: m | D39: L(1+s) sin(α+δ) | G39: =B39/0.3048 -> -657.41623
A40: Leg 3 ΔN | B40: =$B$27*(1+$B$22)*COS(RADIANS($B$28+$B$21)) -> 2.7980209 | C40: m | D40: L(1+s) cos(α+δ) | G40: =B40/0.3048 -> 9.1798587
A41: D′ easting | B41: =$B$37+$B$39 -> 997.90148 | C41: m | G41: =B41/0.3048 -> 3273.955
A42: D′ northing | B42: =$B$38+$B$40 -> 849.71465 | C42: m | G42: =B42/0.3048 -> 2787.7777
A43: Leg 4 ΔE | B43: =$B$29*(1+$B$22)*SIN(RADIANS($B$30+$B$21)) -> 2.0985157 | C43: m | D43: L(1+s) sin(α+δ) | G43: =B43/0.3048 -> 6.884894
A44: Leg 4 ΔN | B44: =$B$29*(1+$B$22)*COS(RADIANS($B$30+$B$21)) -> 150.28535 | C44: m | D44: L(1+s) cos(α+δ) | G44: =B44/0.3048 -> 493.06217
A45: A′ easting | B45: =$B$41+$B$43 -> 1000 | C45: m | E45: 1000 | F45: =IF(ABS(B45-E45)<=H45,"OK","CHECK") -> OK | G45: =B45/0.3048 -> 3280.8399 | H45: 0.0005
A46: A′ northing | B46: =$B$42+$B$44 -> 1000 | C46: m | E46: 1000 | F46: =IF(ABS(B46-E46)<=H46,"OK","CHECK") -> OK | G46: =B46/0.3048 -> 3280.8399 | H46: 0.0005
A47: Misclosure ΣΔE | B47: =SUM($B$31,$B$35,$B$39,$B$43) -> 0 | C47: m | E47: 0 | F47: =IF(ABS(B47-E47)<=H47,"OK","CHECK") -> OK | G47: =B47/0.3048 -> 0 | H47: 0.0005
A48: Misclosure ΣΔN | B48: =SUM($B$32,$B$36,$B$40,$B$44) -> -2.4868996e-14 | C48: m | E48: 0 | F48: =IF(ABS(B48-E48)<=H48,"OK","CHECK") -> OK | G48: =B48/0.3048 -> -8.1591193e-14 | H48: 0.0005
A49: B′ error vs. true B | B49: =SQRT(($B$33-1200)^2+($B$34-1000)^2) -> 2.8237697 | C49: m | E49: 2.82 | F49: =IF(ABS(B49-E49)<=H49,"OK","CHECK") -> OK | G49: =B49/0.3048 -> 9.2643363 | H49: 0.005
A50: C′ error vs. true C | B50: =SQRT(($B$37-1200)^2+($B$38-850)^2) -> 3.5297121 | C50: m | E50: 3.53 | F50: =IF(ABS(B50-E50)<=H50,"OK","CHECK") -> OK | G50: =B50/0.3048 -> 11.58042 | H50: 0.005
A52: Worked example 16.3 — a local magnetic disturbance (Run 2) and the compass rule
A53: Given: Run 1 plus the steel bridge deflects leg B–C by −2.0° (leg error 0.8 − 2.0 = −1.2°).
A54: Extra deflection on leg 2 | B54: -2 | C54: deg | D54: input
A55: Leg 1 ΔE | B55: =$B$23*(1+$B$22)*SIN(RADIANS($B$24+$B$21)) -> 200.38047 | C55: m | G55: =B55/0.3048 -> 657.41623
A56: Leg 1 ΔN | B56: =$B$23*(1+$B$22)*COS(RADIANS($B$24+$B$21)) -> -2.7980209 | C56: m | G56: =B56/0.3048 -> -9.1798587
A57: B′ easting | B57: =$B$19+$B$55 -> 1200.3805 | C57: m | E57: 1200.38 | F57: =IF(ABS(B57-E57)<=H57,"OK","CHECK") -> OK | G57: =B57/0.3048 -> 3938.2561 | H57: 0.0005
A58: B′ northing | B58: =$B$20+$B$56 -> 997.20198 | C58: m | E58: 997.202 | F58: =IF(ABS(B58-E58)<=H58,"OK","CHECK") -> OK | G58: =B58/0.3048 -> 3271.66 | H58: 0.0005
A59: Leg 2 ΔE | B59: =$B$25*(1+$B$22)*SIN(RADIANS($B$26+$B$21+$B$54)) -> 3.1476457 | C59: m | G59: =B59/0.3048 -> 10.326922
A60: Leg 2 ΔN | B60: =$B$25*(1+$B$22)*COS(RADIANS($B$26+$B$21+$B$54)) -> -150.26704 | C60: m | G60: =B60/0.3048 -> -493.00209
A61: C′ easting | B61: =$B$57+$B$59 -> 1203.5281 | C61: m | E61: 1203.528 | F61: =IF(ABS(B61-E61)<=H61,"OK","CHECK") -> OK | G61: =B61/0.3048 -> 3948.583 | H61: 0.0005
A62: C′ northing | B62: =$B$58+$B$60 -> 846.93494 | C62: m | E62: 846.935 | F62: =IF(ABS(B62-E62)<=H62,"OK","CHECK") -> OK | G62: =B62/0.3048 -> 2778.6579 | H62: 0.0005
A63: Leg 3 ΔE | B63: =$B$27*(1+$B$22)*SIN(RADIANS($B$28+$B$21)) -> -200.38047 | C63: m | G63: =B63/0.3048 -> -657.41623
A64: Leg 3 ΔN | B64: =$B$27*(1+$B$22)*COS(RADIANS($B$28+$B$21)) -> 2.7980209 | C64: m | G64: =B64/0.3048 -> 9.1798587
A65: D′ easting | B65: =$B$61+$B$63 -> 1003.1476 | C65: m | E65: 1003.148 | F65: =IF(ABS(B65-E65)<=H65,"OK","CHECK") -> OK | G65: =B65/0.3048 -> 3291.1668 | H65: 0.0005
A66: D′ northing | B66: =$B$62+$B$64 -> 849.73296 | C66: m | E66: 849.733 | F66: =IF(ABS(B66-E66)<=H66,"OK","CHECK") -> OK | G66: =B66/0.3048 -> 2787.8378 | H66: 0.0005
A67: Leg 4 ΔE | B67: =$B$29*(1+$B$22)*SIN(RADIANS($B$30+$B$21)) -> 2.0985157 | C67: m | G67: =B67/0.3048 -> 6.884894
A68: Leg 4 ΔN | B68: =$B$29*(1+$B$22)*COS(RADIANS($B$30+$B$21)) -> 150.28535 | C68: m | G68: =B68/0.3048 -> 493.06217
A69: A′ easting | B69: =$B$65+$B$67 -> 1005.2462 | C69: m | E69: 1005.246 | F69: =IF(ABS(B69-E69)<=H69,"OK","CHECK") -> OK | G69: =B69/0.3048 -> 3298.0517 | H69: 0.0005
A70: A′ northing | B70: =$B$66+$B$68 -> 1000.0183 | C70: m | E70: 1000.018 | F70: =IF(ABS(B70-E70)<=H70,"OK","CHECK") -> OK | G70: =B70/0.3048 -> 3280.9 | H70: 0.0005
A71: Misclosure E | B71: =$B$69-$B$19 -> 5.2461614 | C71: m | E71: 5.246 | F71: =IF(ABS(B71-E71)<=H71,"OK","CHECK") -> OK | G71: =B71/0.3048 -> 17.211816 | H71: 0.0005
A72: Misclosure N | B72: =$B$70-$B$20 -> 0.018312632 | C72: m | E72: 0.018 | F72: =IF(ABS(B72-E72)<=H72,"OK","CHECK") -> OK | G72: =B72/0.3048 -> 0.060080815 | H72: 0.0005
A73: Linear misclosure | B73: =SQRT($B$71^2+$B$72^2) -> 5.2461934 | C73: m | E73: 5.25 | F73: =IF(ABS(B73-E73)<=H73,"OK","CHECK") -> OK | G73: =B73/0.3048 -> 17.211921 | H73: 0.005
A74: Traverse length | B74: =$B$23+$B$25+$B$27+$B$29 -> 700 | C74: m | E74: 700 | F74: =IF(ABS(B74-E74)<=H74,"OK","CHECK") -> OK | G74: =B74/0.3048 -> 2296.5879 | H74: 1e-09
A75: Precision ratio 1 : | B75: =$B$74/$B$73 -> 133.43008 | E75: 133 | F75: =IF(ABS(B75-E75)<=H75,"OK","CHECK") -> OK | H75: 1
A76: Compass correction E at B | B76: =-$B$71*$B$23/$B$74 -> -1.4989033 | C76: m | D76: −misclosure × cum. distance / total | E76: -1.5 | F76: =IF(ABS(B76-E76)<=H76,"OK","CHECK") -> OK | G76: =B76/0.3048 -> -4.9176616 | H76: 0.005
A77: Compass correction N at B | B77: =-$B$72*$B$23/$B$74 -> -0.0052321807 | C77: m | G77: =B77/0.3048 -> -0.017165947
A78: Adjusted B error vs. truth | B78: =SQRT(($B$57+$B$76-1200)^2+($B$58+$B$77-1000)^2) -> 3.0181336 | C78: m | E78: 3.02 | F78: =IF(ABS(B78-E78)<=H78,"OK","CHECK") -> OK | G78: =B78/0.3048 -> 9.9020131 | H78: 0.005
A79: Compass correction E at C | B79: =-$B$71*($B$23+$B$25)/$B$74 -> -2.6230807 | C79: m | D79: −misclosure × cum. distance / total | E79: -2.62 | F79: =IF(ABS(B79-E79)<=H79,"OK","CHECK") -> OK | G79: =B79/0.3048 -> -8.6059078 | H79: 0.005
A80: Compass correction N at C | B80: =-$B$72*($B$23+$B$25)/$B$74 -> -0.0091563162 | C80: m | G80: =B80/0.3048 -> -0.030040407
A81: Adjusted C error vs. truth | B81: =SQRT(($B$61+$B$79-1200)^2+($B$62+$B$80-850)^2) -> 3.2046642 | C81: m | E81: 3.2 | F81: =IF(ABS(B81-E81)<=H81,"OK","CHECK") -> OK | G81: =B81/0.3048 -> 10.51399 | H81: 0.005
A82: Compass correction E at D | B82: =-$B$71*($B$23+$B$25+$B$27)/$B$74 -> -4.121984 | C82: m | D82: −misclosure × cum. distance / total | E82: -4.12 | F82: =IF(ABS(B82-E82)<=H82,"OK","CHECK") -> OK | G82: =B82/0.3048 -> -13.523569 | H82: 0.005
A83: Compass correction N at D | B83: =-$B$72*($B$23+$B$25+$B$27)/$B$74 -> -0.014388497 | C83: m | G83: =B83/0.3048 -> -0.047206354
A84: Adjusted D error vs. truth | B84: =SQRT(($B$65+$B$82-1000)^2+($B$66+$B$83-850)^2) -> 1.0141672 | C84: m | E84: 1.01 | F84: =IF(ABS(B84-E84)<=H84,"OK","CHECK") -> OK | G84: =B84/0.3048 -> 3.3273204 | H84: 0.005
A86: Worked example 16.4 — what does a typical lap look like? (hand check)
A87: Given: Independent heading error 0.8° on each leg; legs 200, 150, 200, 150 m. Book simulation (20,000 laps): mean 4.3 m, 95% below 8.6 m.
A88: Heading error | B88: 0.8 | C88: deg | D88: input
A89: In radians | B89: =RADIANS($B$88) -> 0.013962634 | C89: rad | E89: 0.01396 | F89: =IF(ABS(B89-E89)<=H89,"OK","CHECK") -> OK | H89: 5e-06
A90: Sideways on a 200 m leg | B90: =200*$B$89 -> 2.7925268 | C90: m | D90: L·δα | E90: 2.79 | F90: =IF(ABS(B90-E90)<=H90,"OK","CHECK") -> OK | G90: =B90/0.3048 -> 9.1618333 | H90: 0.005
A91: Sideways on a 150 m leg | B91: =150*$B$89 -> 2.0943951 | C91: m | E91: 2.09 | F91: =IF(ABS(B91-E91)<=H91,"OK","CHECK") -> OK | G91: =B91/0.3048 -> 6.871375 | H91: 0.005
A92: RMS radial misclosure | B92: =SQRT(2*$B$90^2+2*$B$91^2) -> 4.9365366 | C92: m | D92: √(2·2.79² + 2·2.09²) | E92: 4.93 | F92: =IF(ABS(B92-E92)<=H92,"OK","CHECK") -> OK | G92: =B92/0.3048 -> 16.195986 | H92: 0.01
A94: Worked example 16.5 — could the IMU alone drive the loop?
A95: Given: GX5 IMU only; one 70 s lap at 10 m/s.
A96: Roll/pitch error | B96: 0.25 | C96: deg | D96: input
A97: Time | B97: 70 | C97: s | D97: input
A98: Gravity | B98: 9.81 | C98: m/s² | D98: input
A99: Speed | B99: 10 | C99: m/s | D99: input | G99: =B99/0.3048 -> 32.808399
A100: Uncalibrated accel bias | B100: 2 | C100: mg | D100: input
A101: Uncalibrated gyro bias | B101: 0.04 | C101: °/s | D101: input
A102: Accel bias instability | B102: 0.04 | C102: mg | D102: input
A103: Gyro bias instability | B103: 8 | C103: °/h | D103: input
A104: Leaked gravity | B104: =$B$98*SIN(RADIANS($B$96)) -> 0.042804064 | C104: m/s² | D104: g sin δθ | E104: 0.0428 | F104: =IF(ABS(B104-E104)<=H104,"OK","CHECK") -> OK | H104: 5e-05
A105: Tilt error after lap | B105: =0.5*$B$104*$B$97^2 -> 104.86996 | C105: m | D105: ½at² | E105: 105 | F105: =IF(ABS(B105-E105)<=H105,"OK","CHECK") -> OK | G105: =B105/0.3048 -> 344.06154 | H105: 0.5
A106: Accel bias | B106: =$B$100*0.001*$B$98 -> 0.01962 | C106: m/s² | E106: 0.0196 | F106: =IF(ABS(B106-E106)<=H106,"OK","CHECK") -> OK | H106: 5e-05
...

Sheet M17 RIEGL
A1: Module 17 — RIEGL VUX-240²⁴ at 500 ft: worked examples
A2: Blue = input (edit it) Black = formula Green = linked from another example/sheet Check = formula result vs. the value printed in the seminar book
A4: Step / quantity | B4: Value | C4: Unit | D4: Equation (as in the book) | E4: Book value | F4: Check vs. book | G4: US feet | H4: Tolerance | I4: Notes
A6: Worked example 17.1 — multiple-time-around (MTA) at 2400 kHz
A7: Speed of light | B7: 299700000 | C7: m/s | D7: input | G7: =B7/0.3048 -> 9.8326772e+08
A8: Pulse rate | B8: 2400000 | C8: Hz | D8: input
A9: Range (500 ft) | B9: 152.4 | C9: m | D9: input | G9: =B9/0.3048 -> 500
A10: Lower pulse rate | B10: 300000 | C10: Hz | D10: input
A11: Unambiguous range | B11: =$B$7/(2*$B$8) -> 62.4375 | C11: m | D11: c/(2 PRR) | E11: 62.4 | F11: =IF(ABS(B11-E11)<=H11,"OK","CHECK") -> OK | G11: =B11/0.3048 -> 204.84744 | H11: 0.05
A12: Range / zone depth | B12: =$B$9/$B$11 -> 2.4408408 | E12: 2.44 | F12: =IF(ABS(B12-E12)<=H12,"OK","CHECK") -> OK | H12: 0.005
A13: MTA zone | B13: =INT($B$12)+1 -> 3 | E13: 3 | F13: =IF(ABS(B13-E13)<=H13,"OK","CHECK") -> OK | H13: 1e-09
A14: Zone depth at 300 kHz | B14: =$B$7/(2*$B$10) -> 499.5 | C14: m | E14: 500 | F14: =IF(ABS(B14-E14)<=H14,"OK","CHECK") -> OK | G14: =B14/0.3048 -> 1638.7795 | H14: 0.5
A16: Worked example 17.2 — atmospheric correction
A17: Refractive index of air | B17: 1.0003 | D17: input
A18: Range | B18: 152.4 | C18: m | D18: input | G18: =B18/0.3048 -> 500
A19: Correction in ppm | B19: =($B$17-1)*1000000 -> 300 | C19: ppm | E19: 300 | F19: =IF(ABS(B19-E19)<=H19,"OK","CHECK") -> OK | H19: 1e-06
A20: Correction at range | B20: =$B$18*($B$17-1) -> 0.04572 | C20: m | D20: ρ(n − 1) | E20: 0.046 | F20: =IF(ABS(B20-E20)<=H20,"OK","CHECK") -> OK | G20: =B20/0.3048 -> 0.15 | H20: 0.0005
A22: Worked example 17.3 — point density at 500 ft
A23: Altitude | B23: 152.4 | C23: m | D23: input | G23: =B23/0.3048 -> 500
A24: Half scan angle | B24: 37.5 | C24: deg | D24: input
A25: Measurement rate | B25: 2000000 | C25: pts/s | D25: input
A26: Aircraft speed | B26: 60 | C26: kn | D26: input
A27: UAS speed | B27: 10 | C27: m/s | D27: input | G27: =B27/0.3048 -> 32.808399
A28: Swath | B28: =2*$B$23*TAN(RADIANS($B$24)) -> 233.88127 | C28: m | D28: 2h tan θ | E28: 234 | F28: =IF(ABS(B28-E28)<=H28,"OK","CHECK") -> OK | G28: =B28/0.3048 -> 767.32699 | H28: 0.5
A29: Speed in m/s | B29: =$B$26*1852/3600 -> 30.866667 | C29: m/s | E29: 30.9 | F29: =IF(ABS(B29-E29)<=H29,"OK","CHECK") -> OK | G29: =B29/0.3048 -> 101.26859 | H29: 0.05
A30: Density, aircraft | B30: =$B$25/($B$28*$B$29) -> 277.0415 | C30: pts/m² | D30: rate/(swath × v) | E30: 277 | F30: =IF(ABS(B30-E30)<=H30,"OK","CHECK") -> OK | G30: =B30*0.09290304 -> 25.737997 | H30: 0.5
A31: Density, UAS | B31: =$B$25/($B$28*$B$27) -> 855.13476 | C31: pts/m² | E31: 855 | F31: =IF(ABS(B31-E31)<=H31,"OK","CHECK") -> OK | G31: =B31*0.09290304 -> 79.444619 | H31: 0.5
A32: Scaled to 1,100 ft | B32: =$B$30*500/1100 -> 125.92795 | C32: pts/m² | D32: ∝ 1/altitude | E32: 126 | F32: =IF(ABS(B32-E32)<=H32,"OK","CHECK") -> OK | G32: =B32*0.09290304 -> 11.69909 | H32: 0.5
A33: Point spacing (aircraft) | B33: =1/SQRT($B$30) -> 0.060079677 | C33: m | D33: 1/√density | E33: 0.06 | F33: =IF(ABS(B33-E33)<=H33,"OK","CHECK") -> OK | G33: =B33/0.3048 -> 0.1971118 | H33: 0.005

Sheet M18 Processing
A1: Module 18 — Processing Pipeline: worked examples
A2: Blue = input (edit it) Black = formula Green = linked from another example/sheet Check = formula result vs. the value printed in the seminar book
A4: Step / quantity | B4: Value | C4: Unit | D4: Equation (as in the book) | E4: Book value | F4: Check vs. book | G4: US feet | H4: Tolerance | I4: Notes
A6: Worked example 18.1 — statistical outlier removal (SOR) on eight points
A7: Given: Mean-neighbor distances (m); α = 1.
A8: Point 1 | B8: 0.05 | C8: m | D8: input | G8: =B8/0.3048 -> 0.16404199
A9: Point 2 | B9: 0.06 | C9: m | D9: input | G9: =B9/0.3048 -> 0.19685039
A10: Point 3 | B10: 0.04 | C10: m | D10: input | G10: =B10/0.3048 -> 0.1312336
A11: Point 4 | B11: 0.05 | C11: m | D11: input | G11: =B11/0.3048 -> 0.16404199
A12: Point 5 | B12: 0.07 | C12: m | D12: input | G12: =B12/0.3048 -> 0.22965879
A13: Point 6 | B13: 0.05 | C13: m | D13: input | G13: =B13/0.3048 -> 0.16404199
A14: Point 7 | B14: 0.06 | C14: m | D14: input | G14: =B14/0.3048 -> 0.19685039
A15: Point 8 | B15: 0.42 | C15: m | D15: input | G15: =B15/0.3048 -> 1.3779528
A16: α | B16: 1 | D16: input
A17: Mean | B17: =AVERAGE($B$8:$B$15) -> 0.1 | C17: m | D17: μ | E17: 0.1 | F17: =IF(ABS(B17-E17)<=H17,"OK","CHECK") -> OK | G17: =B17/0.3048 -> 0.32808399 | H17: 0.0005
A18: Standard deviation (population) | B18: =STDEVP($B$8:$B$15) -> 0.12124356 | C18: m | D18: σ | E18: 0.121 | F18: =IF(ABS(B18-E18)<=H18,"OK","CHECK") -> OK | G18: =B18/0.3048 -> 0.3977807 | H18: 0.0005
A19: Threshold | B19: =$B$17+$B$16*$B$18 -> 0.22124356 | C19: m | D19: μ + ασ | E19: 0.221 | F19: =IF(ABS(B19-E19)<=H19,"OK","CHECK") -> OK | G19: =B19/0.3048 -> 0.72586469 | H19: 0.0005
A20: Points removed | B20: =COUNTIF($B$8:$B$15,">"&$B$19) -> 1 | E20: 1 | F20: =IF(ABS(B20-E20)<=H20,"OK","CHECK") -> OK | H20: 1e-09
A22: Worked example 18.2 — stockpile volume
A23: Given: 3 × 3 grid of 2 m cells; heights above base (m).
A24: Cell 1 height | B24: 1.2 | C24: m | D24: input | G24: =B24/0.3048 -> 3.9370079
A25: Cell 2 height | B25: 1.5 | C25: m | D25: input | G25: =B25/0.3048 -> 4.9212598
A26: Cell 3 height | B26: 1.1 | C26: m | D26: input | G26: =B26/0.3048 -> 3.6089239
A27: Cell 4 height | B27: 1.8 | C27: m | D27: input | G27: =B27/0.3048 -> 5.9055118
A28: Cell 5 height | B28: 2.4 | C28: m | D28: input | G28: =B28/0.3048 -> 7.8740157
A29: Cell 6 height | B29: 1.6 | C29: m | D29: input | G29: =B29/0.3048 -> 5.2493438
A30: Cell 7 height | B30: 1 | C30: m | D30: input | G30: =B30/0.3048 -> 3.2808399
A31: Cell 8 height | B31: 1.3 | C31: m | D31: input | G31: =B31/0.3048 -> 4.2650919
A32: Cell 9 height | B32: 0.9 | C32: m | D32: input | G32: =B32/0.3048 -> 2.9527559
A33: Cell size | B33: 2 | C33: m | D33: input | G33: =B33/0.3048 -> 6.5616798
A34: Cell area | B34: =$B$33^2 -> 4 | C34: m² | E34: 4 | F34: =IF(ABS(B34-E34)<=H34,"OK","CHECK") -> OK | G34: =B34/0.09290304 -> 43.055642 | H34: 1e-09
A35: Sum of heights | B35: =SUM($B$24:$B$32) -> 12.8 | C35: m | E35: 12.8 | F35: =IF(ABS(B35-E35)<=H35,"OK","CHECK") -> OK | G35: =B35/0.3048 -> 41.994751 | H35: 1e-06
A36: Volume | B36: =$B$35*$B$34 -> 51.2 | C36: m³ | D36: V = A Σh | E36: 51.2 | F36: =IF(ABS(B36-E36)<=H36,"OK","CHECK") -> OK | G36: =B36/0.0283168 -> 1808.1139 | H36: 1e-06
A37: Volume in cubic yards | B37: =$B$36*1.30795 -> 66.96704 | C37: yd³ | E37: 67 | F37: =IF(ABS(B37-E37)<=H37,"OK","CHECK") -> OK | H37: 0.5

Sheet M19 Florida
A1: Module 19 — Florida Standards, FDOT and the New Datums: worked examples
A2: Blue = input (edit it) Black = formula Green = linked from another example/sheet Check = formula result vs. the value printed in the seminar book
A4: Step / quantity | B4: Value | C4: Unit | D4: Equation (as in the book) | E4: Book value | F4: Check vs. book | G4: US feet | H4: Tolerance | I4: Notes
A6: Worked example 19.1 — sealing a 40-tile LAZ delivery with a signature file
A7: Given: Hashes are computed by software (e.g. sha256sum or certutil -hashfile file SHA256); Excel only counts the lines.
A8: LAZ tiles | B8: 40 | D8: input
A9: Other files (TIN, CAD, trajectory, report) | B9: 4 | D9: input
A10: SHA-256 length | B10: 256 | C10: bits | D10: input
A11: Lines in the signature file | B11: =$B$8+$B$9 -> 44 | E11: 44 | F11: =IF(ABS(B11-E11)<=H11,"OK","CHECK") -> OK | H11: 1e-09
A12: Hex characters per hash | B12: =$B$10/4 -> 64 | D12: 4 bits per hex digit | E12: 64 | F12: =IF(ABS(B12-E12)<=H12,"OK","CHECK") -> OK | H12: 1e-09
A14: Worked example 19.2 — why the foot matters
A15: Given: State Plane easting 650,000 ft.
A16: Easting | B16: 650000 | C16: ft | D16: input
A17: U.S. survey foot | B17: =1200/3937 -> 0.30480061 | C17: m | D17: 1200/3937 | E17: 0.30480061 | F17: =IF(ABS(B17-E17)<=H17,"OK","CHECK") -> OK | G17: =B17/0.3048 -> 1.000002 | H17: 1e-10
A18: Meters (U.S. survey foot) | B18: =$B$16*$B$17 -> 198120.4 | C18: m | E18: 198120.4 | F18: =IF(ABS(B18-E18)<=H18,"OK","CHECK") -> OK | G18: =B18/0.3048 -> 650001.3 | H18: 0.0005
A19: Meters (international foot) | B19: =$B$16*0.3048 -> 198120 | C19: m | E19: 198120 | F19: =IF(ABS(B19-E19)<=H19,"OK","CHECK") -> OK | G19: =B19/0.3048 -> 650000 | H19: 0.0005
A20: Difference | B20: =$B$18-$B$19 -> 0.39624079 | C20: m | E20: 0.396 | F20: =IF(ABS(B20-E20)<=H20,"OK","CHECK") -> OK | G20: =B20/0.3048 -> 1.3000026 | H20: 0.0005
A21: Difference in feet | B21: =$B$20/0.3048 -> 1.3000026 | C21: ft | E21: 1.3 | F21: =IF(ABS(B21-E21)<=H21,"OK","CHECK") -> OK | H21: 0.005

Sheet M20 Practice
A1: Module 20 — Professional Practice: worked examples
A2: Blue = input (edit it) Black = formula Green = linked from another example/sheet Check = formula result vs. the value printed in the seminar book
A4: Step / quantity | B4: Value | C4: Unit | D4: Equation (as in the book) | E4: Book value | F4: Check vs. book | G4: US feet | H4: Tolerance | I4: Notes
A6: Worked example 20.1 — can the RIEGL case study be flown by drone?
A7: Given: VUX-240²⁴ 4.3 kg without IMU, up to 6.8 kg with IMU/GNSS; Part 107 limits 55 lb and 400 ft AGL.
A8: Scanner without IMU | B8: 4.3 | C8: kg | D8: input
A9: Scanner with IMU (max) | B9: 6.8 | C9: kg | D9: input
A10: Part 107 aircraft limit | B10: 55 | C10: lb | D10: input
A11: Planned altitude | B11: 500 | C11: ft | D11: input
A12: Part 107 altitude limit | B12: 400 | C12: ft | D12: input
A13: Half scan angle | B13: 37.5 | C13: deg | D13: input
A14: Measurement rate | B14: 2000000 | C14: pts/s | D14: input
A15: UAS speed | B15: 10 | C15: m/s | D15: input | G15: =B15/0.3048 -> 32.808399
A16: Weight without IMU | B16: =$B$8*2.20462 -> 9.479866 | C16: lb | E16: 9.5 | F16: =IF(ABS(B16-E16)<=H16,"OK","CHECK") -> OK | H16: 0.05
A17: Weight with IMU | B17: =$B$9*2.20462 -> 14.991416 | C17: lb | E17: 15 | F17: =IF(ABS(B17-E17)<=H17,"OK","CHECK") -> OK | H17: 0.05
A18: Waiver needed for altitude? (1 = yes) | B18: =IF($B$11>$B$12,1,0) -> 1 | E18: 1 | F18: =IF(ABS(B18-E18)<=H18,"OK","CHECK") -> OK | H18: 1e-09
A19: Nadir range at 400 ft | B19: =$B$12*0.3048 -> 121.92 | C19: m | E19: 121.9 | F19: =IF(ABS(B19-E19)<=H19,"OK","CHECK") -> OK | G19: =B19/0.3048 -> 400 | H19: 0.05
A20: Attitude terms shrink by | B20: =1-$B$12/$B$11 -> 0.2 | E20: 0.2 | F20: =IF(ABS(B20-E20)<=H20,"OK","CHECK") -> OK | H20: 1e-06
A21: Swath | B21: =2*$B$19*TAN(RADIANS($B$13)) -> 187.10501 | C21: m | E21: 187 | F21: =IF(ABS(B21-E21)<=H21,"OK","CHECK") -> OK | G21: =B21/0.3048 -> 613.86159 | H21: 0.5
A22: Density at UAS speed | B22: =$B$14/($B$21*$B$15) -> 1068.9184 | C22: pts/m² | E22: 1070 | F22: =IF(ABS(B22-E22)<=H22,"OK","CHECK") -> OK | G22: =B22*0.09290304 -> 99.305773 | H22: 3

Sheet M21 Capstone
A1: Module 21 — Capstone: worked examples (sample dataset on the 'Dataset' sheet)
A2: Blue = input (edit it) Black = formula Green = linked from another example/sheet Check = formula result vs. the value printed in the seminar book
A4: Step / quantity | B4: Value | C4: Unit | D4: Equation (as in the book) | E4: Book value | F4: Check vs. book | G4: US feet | H4: Tolerance | I4: Notes
A6: Worked example 21.1 — drive speed from point spacing
A7: Given: Along-track spacing ≤ 0.25 m; 20 Hz; 4 channels sweep the road.
A8: Required spacing | B8: 0.25 | C8: m | D8: input | G8: =B8/0.3048 -> 0.82020997
A9: Rotation rate | B9: 20 | C9: Hz | D9: input
A10: Effective channels | B10: 4 | D10: input
A11: Chosen speed | B11: 13 | C11: m/s | D11: input | G11: =B11/0.3048 -> 42.650919
A12: Maximum speed | B12: =$B$8*$B$9*$B$10 -> 20 | C12: m/s | D12: v ≤ Δ × f × Neff | E12: 20 | F12: =IF(ABS(B12-E12)<=H12,"OK","CHECK") -> OK | G12: =B12/0.3048 -> 65.616798 | H12: 1e-09
A13: Spacing at chosen speed | B13: =$B$11/($B$9*$B$10) -> 0.1625 | C13: m | E13: 0.16 | F13: =IF(ABS(B13-E13)<=H13,"OK","CHECK") -> OK | G13: =B13/0.3048 -> 0.53313648 | H13: 0.005
A14: Chosen speed in mph | B14: =$B$11*2.23694 -> 29.08022 | C14: mph | E14: 30 | F14: =IF(ABS(B14-E14)<=H14,"OK","CHECK") -> OK | H14: 1
A16: Worked example 21.2 — the underpass: how bad is an unaided IMU?
A17: Given: 300 m underpass at 13 m/s; accel bias 0.5 mg; gyro 1°/h.
A18: Underpass length | B18: 300 | C18: m | D18: input | G18: =B18/0.3048 -> 984.25197
A19: Speed | B19: 13 | C19: m/s | D19: input | G19: =B19/0.3048 -> 42.650919
A20: Accel bias | B20: 0.0049 | C20: m/s² | D20: input
A21: Gyro bias | B21: 1 | C21: °/h | D21: input
A22: Outage time | B22: =$B$18/$B$19 -> 23.076923 | C22: s | E22: 23.1 | F22: =IF(ABS(B22-E22)<=H22,"OK","CHECK") -> OK | H22: 0.05
A23: Accelerometer drift | B23: =0.5*$B$20*$B$22^2 -> 1.3047337 | C23: m | D23: ½ ba t² | E23: 1.31 | F23: =IF(ABS(B23-E23)<=H23,"OK","CHECK") -> OK | G23: =B23/0.3048 -> 4.2806225 | H23: 0.006 | I23: Book used t rounded to 23.1 s (1.307 m); unrounded t gives 1.305 m
A24: Gyro drift (lateral) | B24: =0.5*$B$19*RADIANS($B$21/3600)*$B$22^2 -> 0.016782012 | C24: m | D24: ½ v bg t² | E24: 0.017 | F24: =IF(ABS(B24-E24)<=H24,"OK","CHECK") -> OK | G24: =B24/0.3048 -> 0.055059095 | H24: 0.0005
A26: Worked example 21.3 — timing and calibration checks
A27: Given: PTP ±0.1 ms; boresight residual 0.02° at 30 m.
A28: Timing | B28: 0.0001 | C28: s | D28: input
A29: Speed | B29: 13 | C29: m/s | D29: input | G29: =B29/0.3048 -> 42.650919
A30: Boresight residual | B30: 0.02 | C30: deg | D30: input
A31: Longest range | B31: 30 | C31: m | D31: input | G31: =B31/0.3048 -> 98.425197
A32: Timing error | B32: =$B$29*$B$28*1000 -> 1.3 | C32: mm | E32: 1.3 | F32: =IF(ABS(B32-E32)<=H32,"OK","CHECK") -> OK | G32: =B32/304.8 -> 0.0042650919 | H32: 0.005
A33: Boresight error | B33: =$B$31*RADIANS($B$30)*100 -> 1.0471976 | C33: cm | E33: 1 | F33: =IF(ABS(B33-E33)<=H33,"OK","CHECK") -> OK | G33: =B33/30.48 -> 0.034356875 | H33: 0.05
A35: Worked example 21.4 — vertical error budget (full budget in Module 14)
A36: Given: Same terms as Example 14.15.
A37: Range noise | B37: 0.8 | C37: cm | D37: input | G37: =B37/30.48 -> 0.026246719
A38: Boresight | B38: 1 | C38: cm | D38: input | G38: =B38/30.48 -> 0.032808399
A39: Lever arm | B39: 0.3 | C39: cm | D39: input | G39: =B39/30.48 -> 0.0098425197
A40: Trajectory (open sky) | B40: 1.8 | C40: cm | D40: input | G40: =B40/30.48 -> 0.059055118
A41: Control | B41: 1 | C41: cm | D41: input | G41: =B41/30.48 -> 0.032808399
A42: Timing | B42: 0.1 | C42: cm | D42: input | G42: =B42/30.48 -> 0.0032808399
A43: Trajectory in underpass | B43: 2.5 | C43: cm | D43: input | G43: =B43/30.48 -> 0.082020997
A44: Underpass with mid-point control | B44: 1.5 | C44: cm | D44: input | G44: =B44/30.48 -> 0.049212598
A45: Open sky | B45: =SQRT(SUMSQ($B$37:$B$42)) -> 2.4454039 | C45: cm | E45: 2.45 | F45: =IF(ABS(B45-E45)<=H45,"OK","CHECK") -> OK | G45: =B45/30.48 -> 0.080229785 | H45: 0.005
A46: Underpass | B46: =SQRT(SUMSQ($B$37:$B$42)-$B$40^2+$B$43^2) -> 2.9983329 | C46: cm | E46: 3 | F46: =IF(ABS(B46-E46)<=H46,"OK","CHECK") -> OK | G46: =B46/30.48 -> 0.098370501 | H46: 0.005
A47: Underpass with control | B47: =SQRT(SUMSQ($B$37:$B$42)-$B$40^2+$B$44^2) -> 2.2338308 | C47: cm | E47: 2.23 | F47: =IF(ABS(B47-E47)<=H47,"OK","CHECK") -> OK | G47: =B47/30.48 -> 0.073288412 | H47: 0.005
A49: Worked example 21.5 — control and checkpoint layout
A50: Given: ASPRS minimum 30 checkpoints over 2.0 km; product 3 cm; survey ≤ 1.5 cm.
A51: Checkpoints | B51: 30 | D51: input
A52: Corridor length | B52: 2000 | C52: m | D52: input | G52: =B52/0.3048 -> 6561.6798
A53: Product accuracy | B53: 3 | C53: cm | D53: input | G53: =B53/30.48 -> 0.098425197
A54: Survey accuracy | B54: 1.5 | C54: cm | D54: input | G54: =B54/30.48 -> 0.049212598
A55: Checkpoint spacing | B55: =$B$52/$B$51 -> 66.666667 | C55: m | E55: 67 | F55: =IF(ABS(B55-E55)<=H55,"OK","CHECK") -> OK | G55: =B55/0.3048 -> 218.72266 | H55: 0.5
A56: Survey is better by | B56: =$B$53/$B$54 -> 2 | C56: × | D56: ≥ 2× | E56: 2 | F56: =IF(ABS(B56-E56)<=H56,"OK","CHECK") -> OK | H56: 1e-09
A58: Worked example 21.6 — the accuracy results
A59: Given: RMSEz,data = 1.9 cm; RMSEx = 2.0, RMSEy = 1.7 cm; checkpoint survey 0.8 cm V, 1.0 cm H. Full 30-point computation on the 'Dataset' sheet.
A60: RMSE z (data) | B60: 1.9 | C60: cm | D60: input | G60: =B60/30.48 -> 0.062335958
A61: RMSE x | B61: 2 | C61: cm | D61: input | G61: =B61/30.48 -> 0.065616798
A62: RMSE y | B62: 1.7 | C62: cm | D62: input | G62: =B62/30.48 -> 0.055774278
A63: Checkpoint survey V | B63: 0.8 | C63: cm | D63: input | G63: =B63/30.48 -> 0.026246719
A64: Checkpoint survey H | B64: 1 | C64: cm | D64: input | G64: =B64/30.48 -> 0.032808399
A65: Vertical incl. checkpoint error | B65: =SQRT($B$60^2+$B$63^2) -> 2.0615528 | C65: cm | E65: 2.06 | F65: =IF(ABS(B65-E65)<=H65,"OK","CHECK") -> OK | G65: =B65/30.48 -> 0.067636247 | H65: 0.005
A66: Horizontal (data) | B66: =SQRT($B$61^2+$B$62^2) -> 2.6248809 | C66: cm | E66: 2.62 | F66: =IF(ABS(B66-E66)<=H66,"OK","CHECK") -> OK | G66: =B66/30.48 -> 0.086118141 | H66: 0.005
A67: Horizontal incl. checkpoint error | B67: =SQRT($B$66^2+$B$64^2) -> 2.8089144 | C67: cm | E67: 2.81 | F67: =IF(ABS(B67-E67)<=H67,"OK","CHECK") -> OK | G67: =B67/30.48 -> 0.092155984 | H67: 0.005

Sheet MC 20 m
A1: Monte Carlo check of the 20 m backpack budget (Example 14.5)
A2: Simplified linear Monte Carlo: each error term is drawn as an independent normal value, NORMINV(RAND(), 0, σ), and the terms are added. The book's run used 100,000 draws through the full rotation equations. Press F9 to draw again.
A4: Horizontal σ from draws (cm) | B4: =STDEV(I9:I2008) -> 3.1160196
A5: Vertical σ from draws (cm) | B5: =STDEV(O9:O2008) -> 2.2121763
A7: σ (cm) → | B7: 1.5 | C7: 1.5 | D7: =20*RADIANS(0.05)*100 -> 1.7453293 | E7: =20*RADIANS(0.01)*100 -> 0.34906585 | F7: =0.2*SQRT(2) -> 0.28284271 | G7: =SQRT(1.25^2+0.4^2) -> 1.3124405 | H7: =20*RADIANS(0.01)*100 -> 0.34906585 | J7: 2 | K7: =20*RADIANS(0.02)*100 -> 0.6981317 | L7: =20*RADIANS(0.01)*100 -> 0.34906585 | M7: 0.2 | N7: =20*RADIANS(0.01)*100 -> 0.34906585
A8: Draw # | B8: Position E | C8: Position N | D8: Yaw at 20 m | E8: Boresight H | F8: Lever arm H | G8: Range | H8: Encoder H | I8: HORIZONTAL | J8: Position U | K8: Roll at 20 m | L8: Boresight V | M8: Lever arm V | N8: Encoder V | O8: VERTICAL
A9: 1 | B9: =NORMINV(RAND(),0,B$7) -> 0.46100224 | C9: =NORMINV(RAND(),0,C$7) -> 1.2052585 | D9: =NORMINV(RAND(),0,D$7) -> -0.9770305 | E9: =NORMINV(RAND(),0,E$7) -> 0.3918777 | F9: =NORMINV(RAND(),0,F$7) -> 0.025369314 | G9: =NORMINV(RAND(),0,G$7) -> 0.32901677 | H9: =NORMINV(RAND(),0,H$7) -> 0.58935766 | I9: =SUM(B9:H9) -> 2.0248517 | J9: =NORMINV(RAND(),0,J$7) -> -1.8237041 | K9: =NORMINV(RAND(),0,K$7) -> -0.94176837 | L9: =NORMINV(RAND(),0,L$7) -> 0.05533718 | M9: =NORMINV(RAND(),0,M$7) -> 0.10709188 | N9: =NORMINV(RAND(),0,N$7) -> -0.45464513 | O9: =SUM(J9:N9) -> -3.0576886
A10: 2 | B10: =NORMINV(RAND(),0,B$7) -> 0.78645243 | C10: =NORMINV(RAND(),0,C$7) -> -0.63515191 | D10: =NORMINV(RAND(),0,D$7) -> 2.0109845 | E10: =NORMINV(RAND(),0,E$7) -> -0.48772583 | F10: =NORMINV(RAND(),0,F$7) -> 0.07691205 | G10: =NORMINV(RAND(),0,G$7) -> 1.0679814 | H10: =NORMINV(RAND(),0,H$7) -> -0.24300349 | I10: =SUM(B10:H10) -> 2.5764491 | J10: =NORMINV(RAND(),0,J$7) -> -1.3335182 | K10: =NORMINV(RAND(),0,K$7) -> -0.30160412 | L10: =NORMINV(RAND(),0,L$7) -> 0.022317252 | M10: =NORMINV(RAND(),0,M$7) -> 0.1657395 | N10: =NORMINV(RAND(),0,N$7) -> -0.045290024 | O10: =SUM(J10:N10) -> -1.4923556
A11: 3 | B11: =NORMINV(RAND(),0,B$7) -> -1.581647 | C11: =NORMINV(RAND(),0,C$7) -> -1.2356884 | D11: =NORMINV(RAND(),0,D$7) -> 2.5077738 | E11: =NORMINV(RAND(),0,E$7) -> 0.152839 | F11: =NORMINV(RAND(),0,F$7) -> -0.15133751 | G11: =NORMINV(RAND(),0,G$7) -> 0.35823041 | H11: =NORMINV(RAND(),0,H$7) -> -0.18113244 | I11: =SUM(B11:H11) -> -0.13096203 | J11: =NORMINV(RAND(),0,J$7) -> 0.82051669 | K11: =NORMINV(RAND(),0,K$7) -> 0.43566369 | L11: =NORMINV(RAND(),0,L$7) -> -0.14856619 | M11: =NORMINV(RAND(),0,M$7) -> -0.12893572 | N11: =NORMINV(RAND(),0,N$7) -> -0.047594886 | O11: =SUM(J11:N11) -> 0.93108359
A12: 4 | B12: =NORMINV(RAND(),0,B$7) -> -1.2036143 | C12: =NORMINV(RAND(),0,C$7) -> 2.3766259 | D12: =NORMINV(RAND(),0,D$7) -> -1.6090068 | E12: =NORMINV(RAND(),0,E$7) -> 0.22191219 | F12: =NORMINV(RAND(),0,F$7) -> 0.23801958 | G12: =NORMINV(RAND(),0,G$7) -> 1.6059696 | H12: =NORMINV(RAND(),0,H$7) -> -0.010966174 | I12: =SUM(B12:H12) -> 1.61894 | J12: =NORMINV(RAND(),0,J$7) -> -1.3303595 | K12: =NORMINV(RAND(),0,K$7) -> 0.86518382 | L12: =NORMINV(RAND(),0,L$7) -> 0.066482708 | M12: =NORMINV(RAND(),0,M$7) -> -0.024397495 | N12: =NORMINV(RAND(),0,N$7) -> -0.14763346 | O12: =SUM(J12:N12) -> -0.57072396
A13: 5 | B13: =NORMINV(RAND(),0,B$7) -> 0.61845375 | C13: =NORMINV(RAND(),0,C$7) -> -1.5704287 | D13: =NORMINV(RAND(),0,D$7) -> 0.45476693 | E13: =NORMINV(RAND(),0,E$7) -> 0.28071323 | F13: =NORMINV(RAND(),0,F$7) -> -0.22354455 | G13: =NORMINV(RAND(),0,G$7) -> -1.6061748 | H13: =NORMINV(RAND(),0,H$7) -> 0.05846611 | I13: =SUM(B13:H13) -> -1.9877481 | J13: =NORMINV(RAND(),0,J$7) -> 2.5542904 | K13: =NORMINV(RAND(),0,K$7) -> 0.24227057 | L13: =NORMINV(RAND(),0,L$7) -> 0.15577957 | M13: =NORMINV(RAND(),0,M$7) -> -0.16719562 | N13: =NORMINV(RAND(),0,N$7) -> -0.52144192 | O13: =SUM(J13:N13) -> 2.263703
A14: 6 | B14: =NORMINV(RAND(),0,B$7) -> -4.2500508 | C14: =NORMINV(RAND(),0,C$7) -> 0.720781 | D14: =NORMINV(RAND(),0,D$7) -> -0.40368398 | E14: =NORMINV(RAND(),0,E$7) -> 0.050162914 | F14: =NORMINV(RAND(),0,F$7) -> 0.1613137 | G14: =NORMINV(RAND(),0,G$7) -> 1.3940818 | H14: =NORMINV(RAND(),0,H$7) -> 0.4552032 | I14: =SUM(B14:H14) -> -1.8721922 | J14: =NORMINV(RAND(),0,J$7) -> 1.053485 | K14: =NORMINV(RAND(),0,K$7) -> -0.57997072 | L14: =NORMINV(RAND(),0,L$7) -> 0.64684491 | M14: =NORMINV(RAND(),0,M$7) -> -0.033019705 | N14: =NORMINV(RAND(),0,N$7) -> -0.17883793 | O14: =SUM(J14:N14) -> 0.90850155
A15: 7 | B15: =NORMINV(RAND(),0,B$7) -> 0.56308734 | C15: =NORMINV(RAND(),0,C$7) -> -0.61890614 | D15: =NORMINV(RAND(),0,D$7) -> -1.4739446 | E15: =NORMINV(RAND(),0,E$7) -> 0.035956272 | F15: =NORMINV(RAND(),0,F$7) -> 0.33702184 | G15: =NORMINV(RAND(),0,G$7) -> 0.32877998 | H15: =NORMINV(RAND(),0,H$7) -> -0.23221737 | I15: =SUM(B15:H15) -> -1.0602227 | J15: =NORMINV(RAND(),0,J$7) -> -1.290733 | K15: =NORMINV(RAND(),0,K$7) -> -0.54742082 | L15: =NORMINV(RAND(),0,L$7) -> 0.73388679 | M15: =NORMINV(RAND(),0,M$7) -> -0.30269751 | N15: =NORMINV(RAND(),0,N$7) -> 0.38686683 | O15: =SUM(J15:N15) -> -1.0200977
A16: 8 | B16: =NORMINV(RAND(),0,B$7) -> 0.10362253 | C16: =NORMINV(RAND(),0,C$7) -> 1.6091674 | D16: =NORMINV(RAND(),0,D$7) -> -0.58825497 | E16: =NORMINV(RAND(),0,E$7) -> -0.24899665 | F16: =NORMINV(RAND(),0,F$7) -> 0.92766019 | G16: =NORMINV(RAND(),0,G$7) -> 1.8954793 | H16: =NORMINV(RAND(),0,H$7) -> 0.28207794 | I16: =SUM(B16:H16) -> 3.9807557 | J16: =NORMINV(RAND(),0,J$7) -> 0.47487163 | K16: =NORMINV(RAND(),0,K$7) -> -0.5552772 | L16: =NORMINV(RAND(),0,L$7) -> 0.20897216 | M16: =NORMINV(RAND(),0,M$7) -> -0.059441035 | N16: =NORMINV(RAND(),0,N$7) -> -0.27423856 | O16: =SUM(J16:N16) -> -0.20511301
A17: 9 | B17: =NORMINV(RAND(),0,B$7) -> -2.1748506 | C17: =NORMINV(RAND(),0,C$7) -> -1.3059787 | D17: =NORMINV(RAND(),0,D$7) -> -1.7178842 | E17: =NORMINV(RAND(),0,E$7) -> -0.25693397 | F17: =NORMINV(RAND(),0,F$7) -> 0.087362041 | G17: =NORMINV(RAND(),0,G$7) -> -0.50638255 | H17: =NORMINV(RAND(),0,H$7) -> -0.02776434 | I17: =SUM(B17:H17) -> -5.9024324 | J17: =NORMINV(RAND(),0,J$7) -> -0.74067331 | K17: =NORMINV(RAND(),0,K$7) -> -0.15664925 | L17: =NORMINV(RAND(),0,L$7) -> -0.23101414 | M17: =NORMINV(RAND(),0,M$7) -> -0.0057765151 | N17: =NORMINV(RAND(),0,N$7) -> -0.0095270123 | O17: =SUM(J17:N17) -> -1.1436402
A18: 10 | B18: =NORMINV(RAND(),0,B$7) -> -0.33664469 | C18: =NORMINV(RAND(),0,C$7) -> 0.61703968 | D18: =NORMINV(RAND(),0,D$7) -> -0.18314114 | E18: =NORMINV(RAND(),0,E$7) -> 0.2720175 | F18: =NORMINV(RAND(),0,F$7) -> 0.1188908 | G18: =NORMINV(RAND(),0,G$7) -> -0.80658096 | H18: =NORMINV(RAND(),0,H$7) -> 0.32577156 | I18: =SUM(B18:H18) -> 0.007352752 | J18: =NORMINV(RAND(),0,J$7) -> -0.66807454 | K18: =NORMINV(RAND(),0,K$7) -> 0.97112888 | L18: =NORMINV(RAND(),0,L$7) -> 0.3987319 | M18: =NORMINV(RAND(),0,M$7) -> -0.061423092 | N18: =NORMINV(RAND(),0,N$7) -> -0.46287156 | O18: =SUM(J18:N18) -> 0.17749159
A19: 11 | B19: =NORMINV(RAND(),0,B$7) -> 0.23452597 | C19: =NORMINV(RAND(),0,C$7) -> -2.1018048 | D19: =NORMINV(RAND(),0,D$7) -> 0.27934264 | E19: =NORMINV(RAND(),0,E$7) -> 0.18704215 | F19: =NORMINV(RAND(),0,F$7) -> 0.17343021 | G19: =NORMINV(RAND(),0,G$7) -> -0.56709439 | H19: =NORMINV(RAND(),0,H$7) -> 0.25205338 | I19: =SUM(B19:H19) -> -1.5425048 | J19: =NORMINV(RAND(),0,J$7) -> 0.32455585 | K19: =NORMINV(RAND(),0,K$7) -> -0.17212766 | L19: =NORMINV(RAND(),0,L$7) -> -0.17464379 | M19: =NORMINV(RAND(),0,M$7) -> 0.12705733 | N19: =NORMINV(RAND(),0,N$7) -> 0.23205112 | O19: =SUM(J19:N19) -> 0.33689284
A20: 12 | B20: =NORMINV(RAND(),0,B$7) -> -1.546252 | C20: =NORMINV(RAND(),0,C$7) -> 1.8032496 | D20: =NORMINV(RAND(),0,D$7) -> -1.0329267 | E20: =NORMINV(RAND(),0,E$7) -> -0.57781834 | F20: =NORMINV(RAND(),0,F$7) -> -0.26294483 | G20: =NORMINV(RAND(),0,G$7) -> 0.60148931 | H20: =NORMINV(RAND(),0,H$7) -> -0.65725724 | I20: =SUM(B20:H20) -> -1.6724602 | J20: =NORMINV(RAND(),0,J$7) -> 2.1929094 | K20: =NORMINV(RAND(),0,K$7) -> 0.013146672 | L20: =NORMINV(RAND(),0,L$7) -> 0.42728164 | M20: =NORMINV(RAND(),0,M$7) -> -0.021794734 | N20: =NORMINV(RAND(),0,N$7) -> -0.51913769 | O20: =SUM(J20:N20) -> 2.0924053
... A2008: 2000 | B2008: =NORMINV(RAND(),0,B$7) -> -0.41497727 | C2008: =NORMINV(RAND(),0,C$7) -> 2.0825822 | D2008: =NORMINV(RAND(),0,D$7) -> 0.47082061 | E2008: =NORMINV(RAND(),0,E$7) -> 0.5056184 | F2008: =NORMINV(RAND(),0,F$7) -> -0.55401692 | G2008: =NORMINV(RAND(),0,G$7) -> -0.50971746 | H2008: =NORMINV(RAND(),0,H$7) -> 0.34442513 | I2008: =SUM(B2008:H2008) -> 1.9247347 | J2008: =NORMINV(RAND(),0,J$7) -> 1.0574774 | K2008: =NORMINV(RAND(),0,K$7) -> -0.16785498 | L2008: =NORMINV(RAND(),0,L$7) -> -0.44105421 | M2008: =NORMINV(RAND(),0,M$7) -> -0.32908636 | N2008: =NORMINV(RAND(),0,N$7) -> -0.11908512 | O2008: =SUM(J2008:N2008) -> 0.00039676352

Sheet Dataset
A1: Module 21 sample project — 30 checkpoints and the filled-in accuracy report (simulated data)
A2: Inputs in blue come from sample_checkpoints.csv. Residual dZ = LiDAR − survey. Survey accuracy: 0.8 cm vertical, 1.0 cm horizontal.
A4: ID | B4: Station (m) | C4: Station (ft) | D4: Side | E4: Survey elev (m) | F4: LiDAR elev (m) | G4: dZ (cm) | H4: dZ (ft) | I4: dE (cm) | J4: dN (cm) | K4: dZ² | L4: dE² | M4: dN²
A5: CP01 | B5: 33 | C5: =B5/0.3048 -> 108.26772 | D5: R | E5: 6.207 | F5: 6.198 | G5: =ROUND((F5-E5)*100,1) -> -0.9 | H5: =G5/30.48 -> -0.029527559 | I5: -3 | J5: -1.6 | K5: =G5^2 -> 0.81 | L5: =I5^2 -> 9 | M5: =J5^2 -> 2.56
A6: CP02 | B6: 99.7 | C6: =B6/0.3048 -> 327.09974 | D6: L | E6: 6.421 | F6: 6.422 | G6: =ROUND((F6-E6)*100,1) -> 0.1 | H6: =G6/30.48 -> 0.0032808399 | I6: -0.8 | J6: -1.6 | K6: =G6^2 -> 0.01 | L6: =I6^2 -> 0.64 | M6: =J6^2 -> 2.56
A7: CP03 | B7: 166.4 | C7: =B7/0.3048 -> 545.93176 | D7: R | E7: 6.627 | F7: 6.631 | G7: =ROUND((F7-E7)*100,1) -> 0.4 | H7: =G7/30.48 -> 0.01312336 | I7: 3.8 | J7: 2.1 | K7: =G7^2 -> 0.16 | L7: =I7^2 -> 14.44 | M7: =J7^2 -> 4.41
A8: CP04 | B8: 233.1 | C8: =B8/0.3048 -> 764.76378 | D8: L | E8: 6.821 | F8: 6.818 | G8: =ROUND((F8-E8)*100,1) -> -0.3 | H8: =G8/30.48 -> -0.0098425197 | I8: -0.9 | J8: -1.3 | K8: =G8^2 -> 0.09 | L8: =I8^2 -> 0.81 | M8: =J8^2 -> 1.69
A9: CP05 | B9: 299.8 | C9: =B9/0.3048 -> 983.5958 | D9: R | E9: 6.999 | F9: 7.027 | G9: =ROUND((F9-E9)*100,1) -> 2.8 | H9: =G9/30.48 -> 0.091863517 | I9: -0.1 | J9: -2.3 | K9: =G9^2 -> 7.84 | L9: =I9^2 -> 0.01 | M9: =J9^2 -> 5.29
A10: CP06 | B10: 366.4 | C10: =B10/0.3048 -> 1202.0997 | D10: L | E10: 7.161 | F10: 7.125 | G10: =ROUND((F10-E10)*100,1) -> -3.6 | H10: =G10/30.48 -> -0.11811024 | I10: 1.4 | J10: -2.7 | K10: =G10^2 -> 12.96 | L10: =I10^2 -> 1.96 | M10: =J10^2 -> 7.29
A11: CP07 | B11: 433.1 | C11: =B11/0.3048 -> 1420.9318 | D11: R | E11: 7.307 | F11: 7.297 | G11: =ROUND((F11-E11)*100,1) -> -1 | H11: =G11/30.48 -> -0.032808399 | I11: 0.9 | J11: -1.1 | K11: =G11^2 -> 1 | L11: =I11^2 -> 0.81 | M11: =J11^2 -> 1.21
A12: CP08 | B12: 499.8 | C12: =B12/0.3048 -> 1639.7638 | D12: L | E12: 7.439 | F12: 7.456 | G12: =ROUND((F12-E12)*100,1) -> 1.7 | H12: =G12/30.48 -> 0.055774278 | I12: -0.8 | J12: 1.5 | K12: =G12^2 -> 2.89 | L12: =I12^2 -> 0.64 | M12: =J12^2 -> 2.25
A13: CP09 | B13: 566.5 | C13: =B13/0.3048 -> 1858.5958 | D13: R | E13: 7.562 | F13: 7.557 | G13: =ROUND((F13-E13)*100,1) -> -0.5 | H13: =G13/30.48 -> -0.016404199 | I13: -1 | J13: 1.5 | K13: =G13^2 -> 0.25 | L13: =I13^2 -> 1 | M13: =J13^2 -> 2.25
A14: CP10 | B14: 633.2 | C14: =B14/0.3048 -> 2077.4278 | D14: L | E14: 7.679 | F14: 7.675 | G14: =ROUND((F14-E14)*100,1) -> -0.4 | H14: =G14/30.48 -> -0.01312336 | I14: 3.2 | J14: 0.5 | K14: =G14^2 -> 0.16 | L14: =I14^2 -> 10.24 | M14: =J14^2 -> 0.25
A15: CP11 | B15: 699.9 | C15: =B15/0.3048 -> 2296.2598 | D15: R | E15: 7.797 | F15: 7.791 | G15: =ROUND((F15-E15)*100,1) -> -0.6 | H15: =G15/30.48 -> -0.019685039 | I15: -2.7 | J15: -1.5 | K15: =G15^2 -> 0.36 | L15: =I15^2 -> 7.29 | M15: =J15^2 -> 2.25
A16: CP12 | B16: 766.6 | C16: =B16/0.3048 -> 2515.0919 | D16: L | E16: 7.921 | F16: 7.945 | G16: =ROUND((F16-E16)*100,1) -> 2.4 | H16: =G16/30.48 -> 0.078740157 | I16: -3.7 | J16: 0.9 | K16: =G16^2 -> 5.76 | L16: =I16^2 -> 13.69 | M16: =J16^2 -> 0.81
... A34: CP30 | B34: 1967 | C34: =B34/0.3048 -> 6453.4121 | D34: L | E34: 10.958 | F34: 10.983 | G34: =ROUND((F34-E34)*100,1) -> 2.5 | H34: =G34/30.48 -> 0.082020997 | I34: -0.6 | J34: -2.9 | K34: =G34^2 -> 6.25 | L34: =I34^2 -> 0.36 | M34: =J34^2 -> 8.41
A36: Accuracy statistic | B36: Value | C36: Unit | D36: Equation | E36: Book value | F36: Check vs. book | G36: US feet | H36: Tolerance
A37: Number of checkpoints | B37: =COUNT(G5:G34) -> 30 | D37: n (ASPRS minimum 30) | E37: 30 | F37: =IF(ABS(B37-E37)<=H37,"OK","CHECK") -> OK | H37: 0
A38: Mean dZ (bias) | B38: =AVERAGE(G5:G34) -> 0.31 | C38: cm | D38: Σ dZ / n | E38: 0.31 | F38: =IF(ABS(B38-E38)<=H38,"OK","CHECK") -> OK | G38: =B38/30.48 -> 0.010170604 | H38: 0.005
A39: Sum of squares dZ | B39: =SUM(K5:K34) -> 107.99 | C39: cm² | D39: Σ dZ² | E39: 107.99 | F39: =IF(ABS(B39-E39)<=H39,"OK","CHECK") -> OK | H39: 0.005
A40: RMSE z (data) | B40: =SQRT(SUMSQ(G5:G34)/COUNT(G5:G34)) -> 1.8972788 | C40: cm | D40: √(Σ dZ²/n) | E40: 1.9 | F40: =IF(ABS(B40-E40)<=H40,"OK","CHECK") -> OK | G40: =B40/30.48 -> 0.062246678 | H40: 0.005
A41: RMSE x (data) | B41: =SQRT(SUMSQ(I5:I34)/COUNT(I5:I34)) -> 1.9996666 | C41: cm | E41: 2 | F41: =IF(ABS(B41-E41)<=H41,"OK","CHECK") -> OK | G41: =B41/30.48 -> 0.065605861 | H41: 0.005
A42: RMSE y (data) | B42: =SQRT(SUMSQ(J5:J34)/COUNT(J5:J34)) -> 1.7145456 | C42: cm | E42: 1.71 | F42: =IF(ABS(B42-E42)<=H42,"OK","CHECK") -> OK | G42: =B42/30.48 -> 0.056251497 | H42: 0.005
A43: RMSE H (data) | B43: =SQRT(B41^2+B42^2) -> 2.6340716 | C43: cm | D43: √(RMSEx² + RMSEy²) | E43: 2.63 | F43: =IF(ABS(B43-E43)<=H43,"OK","CHECK") -> OK | G43: =B43/30.48 -> 0.086419673 | H43: 0.005
A44: Checkpoint survey accuracy, vertical | B44: 0.8 | C44: cm | D44: input | G44: =B44/30.48 -> 0.026246719
A45: Checkpoint survey accuracy, horizontal | B45: 1 | C45: cm | D45: input | G45: =B45/30.48 -> 0.032808399
A46: Final RMSE V (NVA) incl. checkpoint error | B46: =SQRT(B40^2+B44^2) -> 2.0590451 | C46: cm | D46: √(RMSEz² + RMSEck²) | E46: 2.06 | F46: =IF(ABS(B46-E46)<=H46,"OK","CHECK") -> OK | G46: =B46/30.48 -> 0.067553973 | H46: 0.005
A47: Final RMSE H incl. checkpoint error | B47: =SQRT(B43^2+B45^2) -> 2.8175048 | C47: cm | E47: 2.82 | F47: =IF(ABS(B47-E47)<=H47,"OK","CHECK") -> OK | G47: =B47/30.48 -> 0.092437822 | H47: 0.005
A48: Largest |dZ| | B48: =MAX(MAX(G5:G34),-MIN(G5:G34)) -> 4.5 | C48: cm | E48: 4.5 | F48: =IF(ABS(B48-E48)<=H48,"OK","CHECK") -> OK | G48: =B48/30.48 -> 0.1476378 | H48: 0.05
A49: Blunder threshold 3 × RMSE z | B49: =3*B40 -> 5.6918363 | C49: cm | E49: 5.7 | F49: =IF(ABS(B49-E49)<=H49,"OK","CHECK") -> OK | G49: =B49/30.48 -> 0.18674003 | H49: 0.05
A50: Residuals over threshold | B50: =COUNTIF(G5:G34,">"&B49)+COUNTIF(G5:G34,"<"&-B49) -> 0 | E50: 0 | F50: =IF(ABS(B50-E50)<=H50,"OK","CHECK") -> OK | H50: 0
A51: Vertical specification | B51: 3 | C51: cm | D51: input | G51: =B51/30.48 -> 0.098425197
A52: Horizontal specification | B52: 5 | C52: cm | D52: input | G52: =B52/30.48 -> 0.16404199
A53: Vertical passes? (1 = yes) | B53: =IF(B46<=B51,1,0) -> 1 | E53: 1 | F53: =IF(ABS(B53-E53)<=H53,"OK","CHECK") -> OK | H53: 0
A54: Horizontal passes? (1 = yes) | B54: =IF(B47<=B52,1,0) -> 1 | E54: 1 | F54: =IF(ABS(B54-E54)<=H54,"OK","CHECK") -> OK | H54: 0
A56: Accuracy statement (built from the cells above)
A57: ="This data set was tested to meet ASPRS Positional Accuracy Standards for Digital Geospatial Data, Edition 2, Version 2 (2024) for a "&TEXT(B51,"0")&" cm RMSEV Vertical Accuracy Class and a "&TEXT(B52,"0")&" cm RMSEH Horizontal Accuracy Class. NVA was found to be RMSEV = "&TEXT(B46,"0.00")&" cm ("&TEXT(B46/30.48,"0.000")&" ft) and horizontal accuracy RMSEH = "&TEXT(B47,"0.00")&" cm ("&TEXT(B47/30.48,"0.000")&" ft), using "&B37&" independent checkpoints, including checkpoint survey uncertainty." -> This data set was tested to meet ASPRS Positional Accuracy Standards for Digital Geospatial Data, Edition 2, Version 2 (2024) for a 3 cm RMSEV Vertical Accuracy Class and a 5 cm RMSEH Horizontal Accuracy Class. NVA was found to be RMSEV = 2.06 cm (0.068 ft) and horizontal accuracy RMSEH = 2.82 cm (0.092 ft), using 30 independent checkpoints, including checkpoint survey uncertainty.
